address_id,status,type_,entrancetype,quadrant,fulladdress,objectid_1,assessment_nbhd,cfsa_name,census_tract,vote_prcnct,ward,zipcode,anc,census_block,census_blockgroup,latitude,longitude,active_res_unit_count,res_type,active_res_occupancy_count,unit_id,unitnum,unittype,zoning,land_value,improvement_value,gov_website?,num_buildings
295162,ACTIVE,ADDRESS,OFFICIAL,NE,700 CONSTITUTION AVENUE NE,942,Old City 1,South Washington/West of the River Collaborative,8302,Precinct 85,Ward 6,20002,ANC 6C,008302 1016,008302 1,38.8923672,-76.99543417,142,RESIDENTIAL,142,303846,5,RENTAL,RA-2,"8,695,610","33,894,200",,
39407,ACTIVE,ADDRESS,OFFICIAL,NE,315 H STREET NE,1998,Old City 1,South Washington/West of the River Collaborative,8301,Precinct 83,Ward 6,20002,ANC 6C,008301 1002,008301 1,38.89998818,-77.00126222,113,MIXED USE,113,305322,406,RENTAL,NC-10,"3,676,400","36,109,060",,
53017,ACTIVE,ADDRESS,OFFICIAL,NE,2006 BUNKER HILL ROAD NE,858,Michigan Park,Edgewood/Brookland Family Support Collaborative,9400,Precinct 69,Ward 5,20018,ANC 5B,009400 1018,009400 1,38.94046506,-76.97560795,0,RESIDENTIAL,1,NA,NA,NA,R-1-B,"264,000","138,430",,
75272,ACTIVE,ADDRESS,OFFICIAL,NE,1026 45TH STREET NE,1913,Deanwood,East of the River Collaborative,7806,Precinct 93,Ward 7,20019,ANC 7D,007806 2010,007806 2,38.90385004,-76.9377603,12,RESIDENTIAL,12,122150,201,RENTAL,R-2,"196,200","501,410",,
40858,ACTIVE,ADDRESS,OFFICIAL,NE,310 41ST STREET NE,1892,Deanwood,East of the River Collaborative,9603,Precinct 102,Ward 7,20019,ANC 7F,009603 1003,009603 1,38.89299091,-76.94475218,0,RESIDENTIAL,1,NA,NA,NA,R-2,"121,350","79,510",,
36240,ACTIVE,ADDRESS,OFFICIAL,NE,333 OGLETHORPE STREET NE,1027,Riggs Park,Georgia Avenue/Rock Creek East Collaborative,9505,Precinct 65,Ward 4,20011,ANC 4B,009505 3005,009505 3,38.9610243,-77.00157137,0,RESIDENTIAL,1,NA,NA,NA,R-2,"245,930","207,040",,
18482,ACTIVE,ADDRESS,OFFICIAL,NE,4650 EADS STREET NE,1875,Deanwood,East of the River Collaborative,7803,Precinct 98,Ward 7,20019,ANC 7D,007803 2007,007803 2,38.89520859,-76.93511896,0,RESIDENTIAL,1,NA,NA,NA,R-2,"149,360","200,140",,
310088,ACTIVE,ADDRESS,OFFICIAL,NE,55 M STREET NE,NA,NoMa,South Washington/West of the River Collaborative,10600,Precinct 83,Ward 6,20002,ANC 6C,010600 2022,010600 2,38.90544902,-77.00701267,438,RESIDENTIAL,438,291810,927,CONDO,D-5,"116,650","283,860",,
80700,ACTIVE,ADDRESS,OFFICIAL,NE,821 MARYLAND AVENUE NE,932,Old City 1,South Washington/West of the River Collaborative,8100,Precinct 85,Ward 6,20002,ANC 6A,008100 1006,008100 1,38.89542951,-76.99403304,24,RESIDENTIAL,24,135222,201,RENTAL,D-5,"707,880","3,734,630",,
57714,ACTIVE,ADDRESS,OFFICIAL,NE,1705 M STREET NE,681,Trinidad,Edgewood/Brookland Family Support Collaborative,8903,Precinct 78,Ward 5,20002,ANC 5D,008903 1005,008903 1,38.90538411,-76.97865382,0,RESIDENTIAL,1,NA,NA,NA,RF-1,"264,460","150,380",,
73356,ACTIVE,ADDRESS,OFFICIAL,NE,1124 16TH STREET NE,2476,Trinidad,Edgewood/Brookland Family Support Collaborative,8804,Precinct 78,Ward 5,20002,ANC 5D,008804 2014,008804 2,38.90525862,-76.98131742,4,RESIDENTIAL,4,126320,3,RENTAL,RF-1,"203,080","104,250",,
300286,ACTIVE,ADDRESS,OFFICIAL,NE,726 LANGSTON TERRACE NE,689,Trinidad,Edgewood/Brookland Family Support Collaborative,8904,Precinct 79,Ward 5,20002,ANC 5D,008904 1005,008904 1,38.89973673,-76.97361218,0,RESIDENTIAL,1,NA,NA,NA,RA-2,,,,
307161,ACTIVE,ADDRESS,OFFICIAL,NE,200 Q STREET NE,NA,Eckington,Edgewood/Brookland Family Support Collaborative,8702,Precinct 75,Ward 5,20002,ANC 5E,008702 2002,008702 2,38.91127792,-77.0030302,213,RESIDENTIAL,213,228044,2114,RENTAL,C-3-C,"8,308,830","44,768,526",,
287362,ACTIVE,ADDRESS,OFFICIAL,NE,3005 BLADENSBURG ROAD NE,1239,Fort Lincoln,Edgewood/Brookland Family Support Collaborative,9000,Precinct 139,Ward 5,20018,ANC 5C,009000 2002,009000 2,38.92886584,-76.95926859,177,RESIDENTIAL,177,209831,420,RENTAL,MU-5-A,"2,313,240","20,951,340",,
289042,ACTIVE,ADDRESS,OFFICIAL,NE,900 G STREET NE,2005,Old City 1,South Washington/West of the River Collaborative,8402,Precinct 82,Ward 6,20002,ANC 6A,008402 2001,008402 2,38.89924616,-76.99381277,204,RESIDENTIAL,204,106650,803,RENTAL,RA-4,"9,584,600","25,682,050",,
17372,ACTIVE,ADDRESS,OFFICIAL,NE,4810 EASTERN AVENUE NE,848,Michigan Park,Edgewood/Brookland Family Support Collaborative,9503,Precinct 67,Ward 5,20017,ANC 5B,009503 1011,009503 1,38.94805226,-76.98074855,0,RESIDENTIAL,1,NA,NA,NA,R-1-B,"267,810","196,050",,
289062,ACTIVE,ADDRESS,OFFICIAL,NE,911 2ND STREET NE,1985,Old City 1,South Washington/West of the River Collaborative,10600,Precinct 83,Ward 6,20002,ANC 6C,010600 2042,010600 2,38.90174423,-77.00309689,42,RESIDENTIAL,42,262583,305,CONDO,MU-5-A,"169,800","396,200",,
301222,ACTIVE,ADDRESS,OFFICIAL,NE,201 I STREET NE,1985,Old City 1,South Washington/West of the River Collaborative,10600,Precinct 83,Ward 6,20002,ANC 6C,010600 2051,010600 2,38.90107921,-77.00325607,277,RESIDENTIAL,277,192944,504,CONDO,NC-12,"96,090","442,110",,
286000,ACTIVE,ADDRESS,OFFICIAL,NE,1270 4TH STREET NE,1613,Brentwood,Edgewood/Brookland Family Support Collaborative,8803,Precinct 76,Ward 5,20002,ANC 5D,008803 1025,008803 1,38.90887447,-76.99963393,440,RESIDENTIAL,440,309717,368,RENTAL,C-3-C,,,,
288440,ACTIVE,ADDRESS,OFFICIAL,NE,5024 FORT TOTTEN DRIVE NE,1390,Brookland,Edgewood/Brookland Family Support Collaborative,9501,Precinct 44,Ward 5,20011,ANC 5A,009501 1002,009501 1,38.95192532,-77.00811691,10,RESIDENTIAL,10,134168,B,RENTAL,RA-1,,,,
306501,ACTIVE,ADDRESS,OFFICIAL,NE,3400 COMMODORE JOSHUA BARNEY DRIVE NE,NA,Fort Lincoln,Edgewood/Brookland Family Support Collaborative,9000,Precinct 139,Ward 5,20018,ANC 5C,009000 1001,009000 1,38.92545865,-76.95562644,122,RESIDENTIAL,122,218328,E407,RENTAL,RA-4,,,,
43756,ACTIVE,ADDRESS,OFFICIAL,NE,2855 MONROE STREET NE,2533,Woodridge,Edgewood/Brookland Family Support Collaborative,11100,Precinct 71,Ward 5,20018,ANC 5C,011100 2003,011100 2,38.93268755,-76.96491481,0,RESIDENTIAL,1,NA,NA,NA,R-1-B,"283,480","120,310",,
11595,ACTIVE,ADDRESS,OFFICIAL,NE,5216 4TH STREET NE,1404,Brookland,Edgewood/Brookland Family Support Collaborative,9508,Precinct 66,Ward 5,20011,ANC 5A,009508 1004,009508 1,38.95392399,-77.00057535,15,RESIDENTIAL,15,83003,103,RENTAL,RA-1,"429,350","687,820",,
289062,ACTIVE,ADDRESS,OFFICIAL,NE,911 2ND STREET NE,1985,Old City 1,South Washington/West of the River Collaborative,10600,Precinct 83,Ward 6,20002,ANC 6C,010600 2042,010600 2,38.90174423,-77.00309689,42,RESIDENTIAL,42,262634,504,CONDO,MU-5-A,"187,200","436,800",,
56052,ACTIVE,ADDRESS,OFFICIAL,NE,1804 L STREET NE,681,Trinidad,Edgewood/Brookland Family Support Collaborative,8903,Precinct 78,Ward 5,20002,ANC 5D,008903 1009,008903 1,38.90388796,-76.97794352,0,RESIDENTIAL,1,NA,NA,NA,RF-1,"260,780","88,890",,
16855,ACTIVE,ADDRESS,OFFICIAL,NE,483 MADISON STREET NE,1028,Riggs Park,Georgia Avenue/Rock Creek East Collaborative,9507,Precinct 65,Ward 4,20011,ANC 4B,009507 1003,009507 1,38.95820445,-76.99871252,0,RESIDENTIAL,1,NA,NA,NA,R-2,"274,630","119,660",,
155685,ACTIVE,ADDRESS,OFFICIAL,NE,5615 NANNIE HELEN BURROUGHS AVENUE NE,1918,Deanwood,East of the River Collaborative,7807,Precinct 95,Ward 7,20019,ANC 7C,007807 1010,007807 1,38.89817139,-76.91941445,14,RESIDENTIAL,14,72564,302,RENTAL,R-2,"359,700","608,610",,
54538,ACTIVE,ADDRESS,OFFICIAL,NE,1901 I STREET NE,684,Trinidad,Edgewood/Brookland Family Support Collaborative,8904,Precinct 79,Ward 5,20002,ANC 5D,008904 1002,008904 1,38.90192435,-76.97582519,4,RESIDENTIAL,4,131279,3,RENTAL,RA-2,"302,980","208,080",,
20181,ACTIVE,ADDRESS,OFFICIAL,NE,4518 SARGENT ROAD NE,1424,Brookland,Edgewood/Brookland Family Support Collaborative,9504,Precinct 67,Ward 5,20017,ANC 5A,009504 2014,009504 2,38.94498951,-76.98883805,0,RESIDENTIAL,1,NA,NA,NA,RA-2,"268,140","131,210",,
295320,ACTIVE,ADDRESS,OFFICIAL,NE,3747 JAY STREET NE,2296,Lily Ponds,East of the River Collaborative,9602,Precinct 100,Ward 7,20019,ANC 7D,009602 1000,009602 1,38.90402378,-76.9482152,8,RESIDENTIAL,8,72362,4,RENTAL,RA-1,"7,757,390","3,499,180",1,
51599,ACTIVE,ADDRESS,OFFICIAL,NE,211 TENNESSEE AVENUE NE,2013,Old City 1,South Washington/West of the River Collaborative,8002,Precinct 86,Ward 6,20002,ANC 6A,008002 2008,008002 2,38.89254164,-76.98767166,9,RESIDENTIAL,9,130465,7,RENTAL,RF-1,"183,010","799,080",,
36393,ACTIVE,ADDRESS,OFFICIAL,NE,332 34TH PLACE NE,2295,Lily Ponds,East of the River Collaborative,9604,Precinct 101,Ward 7,20019,ANC 7D,009604 2007,009604 2,38.89442841,-76.95679824,0,RESIDENTIAL,1,NA,NA,NA,R-3,"111,570","155,410",,
72333,ACTIVE,ADDRESS,OFFICIAL,NE,119 33RD STREET NE,2295,Lily Ponds,East of the River Collaborative,9604,Precinct 101,Ward 7,20019,ANC 7D,009604 1006,009604 1,38.8911241,-76.9599867,0,RESIDENTIAL,1,NA,NA,NA,R-3,"113,100","279,090",,
76096,ACTIVE,ADDRESS,OFFICIAL,NE,100 K STREET NE,996,NoMa,South Washington/West of the River Collaborative,10600,Precinct 83,Ward 6,20002,ANC 6C,010600 2028,010600 2,38.90278621,-77.00547634,226,RESIDENTIAL,226,298078,902,RENTAL,D-5,"14,644,000","65,525,160",,
27217,ACTIVE,ADDRESS,OFFICIAL,NE,406 RIGGS ROAD NE,1027,Riggs Park,Georgia Avenue/Rock Creek East Collaborative,9505,Precinct 65,Ward 4,20011,ANC 4B,009505 3014,009505 3,38.95911689,-77.00121031,0,RESIDENTIAL,1,NA,NA,NA,R-2,"247,370","108,880",,
73726,ACTIVE,ADDRESS,OFFICIAL,NE,1118 46TH STREET NE,1915,Deanwood,East of the River Collaborative,7806,Precinct 93,Ward 7,20019,ANC 7C,007806 2000,007806 2,38.9054048,-76.93626697,4,RESIDENTIAL,4,126226,1,RENTAL,R-2,"129,910","171,700",,
51394,ACTIVE,ADDRESS,OFFICIAL,NE,2123 4TH STREET NE,2595,Eckington,Edgewood/Brookland Family Support Collaborative,8702,Precinct 75,Ward 5,20002,ANC 5E,008702 1011,008702 1,38.91874065,-77.00028009,0,RESIDENTIAL,1,NA,NA,NA,RF-1,"347,770","151,890",,
288604,ACTIVE,ADDRESS,OFFICIAL,NE,5320 ROCK CREEK CHURCH ROAD NE,1389,Brookland,Edgewood/Brookland Family Support Collaborative,9508,Precinct 44,Ward 5,20011,ANC 5A,009508 1008,009508 1,38.95406851,-77.00767864,12,RESIDENTIAL,12,70478,315,RENTAL,RA-1,"1,582,580","1,082,800",,
149192,ACTIVE,ADDRESS,OFFICIAL,NE,1115 21ST STREET NE,2483,Trinidad,Edgewood/Brookland Family Support Collaborative,8903,Precinct 78,Ward 5,20002,ANC 5D,008903 2001,008903 2,38.90505858,-76.97394813,13,RESIDENTIAL,13,243932,303,RENTAL,RA-2,"505,870","3,037,330",,
317717,ACTIVE,ADDRESS,OFFICIAL,NE,3040 7TH STREET NE,NA,Brookland,Edgewood/Brookland Family Support Collaborative,9201,Precinct 74,Ward 5,20017,ANC 5E,009201 1004,009201 1,38.92820414,-76.99663174,0,RESIDENTIAL,1,NA,NA,NA,RA-1,"44,460",,,
311211,ACTIVE,ADDRESS,OFFICIAL,NE,61 PIERCE STREET NE,NA,NoMa,South Washington/West of the River Collaborative,10600,Precinct 83,Ward 6,20002,ANC 6C,010600 2026,010600 2,38.90452193,-77.00722564,416,MIXED USE,416,286748,737,RENTAL,D-5,"25,897,940","103,867,080",,
26111,ACTIVE,ADDRESS,OFFICIAL,NE,416 D STREET NE,931,Old City 1,South Washington/West of the River Collaborative,8301,Precinct 84,Ward 6,20002,ANC 6C,008301 2007,008301 2,38.89494726,-76.99984669,0,RESIDENTIAL,1,NA,NA,NA,RF-3,"458,270","270,720",,
35599,ACTIVE,ADDRESS,OFFICIAL,NE,3355 ALDEN PLACE NE,2295,Lily Ponds,East of the River Collaborative,9604,Precinct 101,Ward 7,20019,ANC 7D,009604 1006,009604 1,38.8911137,-76.95856269,0,RESIDENTIAL,1,NA,NA,NA,RF-3,"111,350","105,120",,
295243,ACTIVE,ADDRESS,OFFICIAL,NE,3533 JAY STREET NE,2298,Lily Ponds,East of the River Collaborative,9602,Precinct 100,Ward 7,20019,ANC 7D,009602 2004,009602 2,38.90669737,-76.95031113,12,RESIDENTIAL,12,66573,103,RENTAL,RA-1,,,,
308060,ACTIVE,ADDRESS,OFFICIAL,NE,609 1/2 MORTON PLACE NE,NA,Old City 1,South Washington/West of the River Collaborative,10600,Precinct 83,Ward 6,20002,ANC 6C,010600 1005,010600 1,38.90427278,-76.99792907,0,RESIDENTIAL,1,NA,NA,NA,RF-1,"419,410","219,190",,
82208,ACTIVE,ADDRESS,OFFICIAL,NE,913 EVARTS STREET NE,1502,Brookland,Edgewood/Brookland Family Support Collaborative,9302,Precinct 74,Ward 5,20018,ANC 5B,009302 1014,009302 1,38.92434615,-76.9931528,0,RESIDENTIAL,1,NA,NA,NA,MU-6,"298,790","179,460",,
52129,ACTIVE,ADDRESS,OFFICIAL,NE,208 45TH STREET NE,1884,Deanwood,East of the River Collaborative,7803,Precinct 98,Ward 7,20019,ANC 7D,007803 3005,007803 3,38.89231675,-76.93816021,0,RESIDENTIAL,1,NA,NA,NA,R-2,"142,490","189,220",,
50002,ACTIVE,ADDRESS,OFFICIAL,NE,2220 16TH STREET NE,1637,Brentwood,Edgewood/Brookland Family Support Collaborative,9102,Precinct 72,Ward 5,20018,ANC 5C,009102 3004,009102 3,38.91972682,-76.98126773,0,RESIDENTIAL,1,NA,NA,NA,R-3,"209,200","309,370",,
151648,ACTIVE,ADDRESS,OFFICIAL,NE,629 ACKER PLACE NE,927,Old City 1,South Washington/West of the River Collaborative,8302,Precinct 84,Ward 6,20002,ANC 6C,008302 1009,008302 1,38.89660324,-76.99737677,0,RESIDENTIAL,1,NA,NA,NA,RF-1,"454,310","323,290",,
302568,ACTIVE,ADDRESS,OFFICIAL,NE,4800 NANNIE HELEN BURROUGHS AVENUE NE,1907,Deanwood,East of the River Collaborative,7804,Precinct 98,Ward 7,20019,ANC 7C,007804 1005,007804 1,38.89911152,-76.93344534,73,MIXED USE,73,229362,408,RENTAL,MU-3-A,,,,
75212,ACTIVE,ADDRESS,OFFICIAL,NE,1023 GIRARD STREET NE,1503,Brookland,Edgewood/Brookland Family Support Collaborative,9302,Precinct 73,Ward 5,20017,ANC 5B,009302 1005,009302 1,38.92631101,-76.99139114,0,RESIDENTIAL,1,NA,NA,NA,R-2,"318,140","171,380",,
16198,ACTIVE,ADDRESS,OFFICIAL,NE,4919 FITCH PLACE NE,1879,Deanwood,East of the River Collaborative,7804,Precinct 97,Ward 7,20019,ANC 7C,007804 2006,007804 2,38.8961132,-76.9313183,0,RESIDENTIAL,1,NA,NA,NA,R-2,"127,690","167,950",,
39436,ACTIVE,ADDRESS,OFFICIAL,NE,315 W STREET NE,2595,Eckington,Edgewood/Brookland Family Support Collaborative,8702,Precinct 75,Ward 5,20002,ANC 5E,008702 1003,008702 1,38.91896882,-77.00140531,15,RESIDENTIAL,15,106934,101,RENTAL,RF-1,"203,550","1,064,200",,
25582,ACTIVE,ADDRESS,OFFICIAL,NE,4203 DIX STREET NE,1895,Deanwood,East of the River Collaborative,7803,Precinct 99,Ward 7,20019,ANC 7D,007803 4004,007803 4,38.89502756,-76.94204731,0,RESIDENTIAL,1,NA,NA,NA,R-2,"148,960","96,530",,
19326,ACTIVE,ADDRESS,OFFICIAL,NE,4611 QUARLES STREET NE,2316,Lily Ponds,East of the River Collaborative,9601,Precinct 92,Ward 7,20019,ANC 7D,009601 1038,009601 1,38.9104658,-76.93452639,9,RESIDENTIAL,9,132723,308,RENTAL,R-2,"245,250","786,860",,
76837,ACTIVE,ADDRESS,OFFICIAL,NE,710 DELAFIELD STREET NE,1418,Brookland,Edgewood/Brookland Family Support Collaborative,9509,Precinct 66,Ward 5,20017,ANC 5A,009509 3004,009509 3,38.94961268,-76.99673998,0,RESIDENTIAL,1,NA,NA,NA,R-2,"247,330","138,550",,
49058,ACTIVE,ADDRESS,OFFICIAL,NE,229 ASCOT PLACE NE,1488,Brookland,Edgewood/Brookland Family Support Collaborative,9203,Precinct 74,Ward 5,20002,ANC 5E,009203 2007,009203 2,38.92062381,-77.00240986,0,RESIDENTIAL,1,NA,NA,NA,R-3,"277,310","141,010",,
309474,ACTIVE,ADDRESS,OFFICIAL,NE,2003 GALLAUDET STREET NE,NA,Brentwood,Edgewood/Brookland Family Support Collaborative,8803,Precinct 76,Ward 5,20002,ANC 5D,008803 1013,008803 1,38.91365555,-76.98492354,5,RESIDENTIAL,5,248616,4,RENTAL,PDR-1,"208,980","282,560",1,
73501,ACTIVE,ADDRESS,OFFICIAL,NE,1121 PENN STREET NE,2470,Trinidad,Edgewood/Brookland Family Support Collaborative,8802,Precinct 77,Ward 5,20002,ANC 5D,008802 4001,008802 4,38.90664502,-76.98836628,4,RESIDENTIAL,4,126284,3,RENTAL,RF-1,"309,480","157,130",,
304584,ACTIVE,ADDRESS,OFFICIAL,NE,1160 1ST STREET NE,NA,NoMa,South Washington/West of the River Collaborative,10600,Precinct 83,Ward 6,20002,ANC 6C,010600 2022,010600 2,38.9051641,-77.00629127,596,RESIDENTIAL,596,224971,439,CONDO,D-5,"86,560","298,710",1,
71492,ACTIVE,ADDRESS,OFFICIAL,NE,1215 SIMMS PLACE NE,2472,Trinidad,Edgewood/Brookland Family Support Collaborative,8804,Precinct 78,Ward 5,20002,ANC 5D,008804 2012,008804 2,38.90920813,-76.98484642,4,RESIDENTIAL,4,127761,4,RENTAL,RF-1,"376,510","309,560",,
309744,ACTIVE,ADDRESS,OFFICIAL,NE,716 MONROE STREET NE,NA,Brookland,Edgewood/Brookland Family Support Collaborative,9201,Precinct 74,Ward 5,20017,ANC 5E,009201 1001,009201 1,38.93283333,-76.99500622,154,MIXED USE,154,229562,428,CONDO,RF-1,"78,110","262,950",,
295301,ACTIVE,ADDRESS,OFFICIAL,NE,3725 JAY STREET NE,2298,Lily Ponds,East of the River Collaborative,9602,Precinct 100,Ward 7,20019,ANC 7D,009602 2003,009602 2,38.90467487,-76.94897195,8,RESIDENTIAL,8,74918,4,RENTAL,RA-1,,,,
66038,ACTIVE,ADDRESS,OFFICIAL,NE,1355 CONSTITUTION AVENUE NE,954,Old City 1,South Washington/West of the River Collaborative,8002,Precinct 86,Ward 6,20002,ANC 6A,008002 2014,008002 2,38.89183788,-76.98657188,0,RESIDENTIAL,1,NA,NA,NA,RF-1,"429,920","360,290",,
3580,ACTIVE,ADDRESS,OFFICIAL,NE,621 ELLIOTT STREET NE,2011,Old City 1,South Washington/West of the River Collaborative,8001,Precinct 81,Ward 6,20002,ANC 6A,008001 1001,008001 1,38.89799876,-76.98632898,0,RESIDENTIAL,1,NA,NA,NA,RF-1,"392,060","206,840",,
63349,ACTIVE,ADDRESS,OFFICIAL,NE,1436 A STREET NE,2014,Old City 1,South Washington/West of the River Collaborative,8002,Precinct 86,Ward 6,20002,ANC 6A,008002 1010,008002 1,38.89109295,-76.98417826,0,RESIDENTIAL,1,NA,NA,NA,RF-1,"387,950","399,340",,
5236,ACTIVE,ADDRESS,OFFICIAL,NE,606 BUCHANAN STREET NE,1418,Brookland,Edgewood/Brookland Family Support Collaborative,9509,Precinct 66,Ward 5,20017,ANC 5A,009509 3004,009509 3,38.94645775,-76.99860787,0,RESIDENTIAL,1,NA,NA,NA,R-2,"263,070","160,570",,
72618,ACTIVE,ADDRESS,OFFICIAL,NE,1169 ABBEY PLACE NE,1991,Old City 1,South Washington/West of the River Collaborative,10600,Precinct 83,Ward 6,20002,ANC 6C,010600 2013,010600 2,38.90536515,-77.0011031,0,RESIDENTIAL,1,NA,NA,NA,RF-1,"399,990","284,360",,
301450,ACTIVE,ADDRESS,OFFICIAL,NW,2400 M STREET NW,519,Central-tri 1,Columbia Heights/Shaw Collaborative,5500,Precinct 4,Ward 2,20037,ANC 2A,005500 2011,005500 2,38.905065,-77.05170843,358,RESIDENTIAL,358,104482,509,RENTAL,MU-6,"32,062,200","178,074,430",,
235320,ACTIVE,ADDRESS,OFFICIAL,NW,2513 CLIFFBOURNE PLACE NW,2270,Kalorama,Columbia Heights/Shaw Collaborative,4001,Precinct 25,Ward 1,20009,ANC 1C,004001 1000,004001 1,38.92294458,-77.04443254,1,RESIDENTIAL,2,201074,B,RENTAL,RA-2,"622,530","785,890",,
253848,ACTIVE,ADDRESS,OFFICIAL,NW,6939 GEORGIA AVENUE NW,1662,Brightwood,Georgia Avenue/Rock Creek East Collaborative,10300,Precinct 63,Ward 4,20012,ANC 4B,010300 3011,010300 3,38.9749367,-77.02648503,97,RESIDENTIAL,97,52129,108,RENTAL,RA-2,"1,378,420","7,090,360",,
257910,ACTIVE,ADDRESS,OFFICIAL,NW,6101 16TH STREET NW,1651,Brightwood,Georgia Avenue/Rock Creek East Collaborative,1803,Precinct 60,Ward 4,20011,ANC 4A,001803 2003,001803 2,38.96506177,-77.0353784,219,RESIDENTIAL,219,51675,703,RENTAL,RA-1,"5,214,480","40,413,900",,
226308,ACTIVE,ADDRESS,OFFICIAL,NW,1625 S STREET NW,2181,Old City 2,Columbia Heights/Shaw Collaborative,4201,Precinct 141,Ward 2,20009,ANC 2B,004201 1006,004201 1,38.91430725,-77.03794678,6,RESIDENTIAL,6,24042,2,CONDO,RA-2,"175,610","409,750",,
220567,ACTIVE,ADDRESS,OFFICIAL,NW,4545 CONNECTICUT AVENUE NW,818,Forest Hills,Columbia Heights/Shaw Collaborative,1301,Precinct 138,Ward 3,20008,ANC 3F,001301 1019,001301 1,38.94922959,-77.06588898,307,RESIDENTIAL,307,42694,620,RENTAL,RA-4,"27,869,100","62,912,300",,
256305,ACTIVE,ADDRESS,OFFICIAL,NW,1443 HOLLY STREET NW,1041,Shepherd Heights,Georgia Avenue/Rock Creek East Collaborative,1600,Precinct 62,Ward 4,20012,ANC 4A,001600 3009,001600 3,38.98056646,-77.0354183,0,RESIDENTIAL,1,NA,NA,NA,R-1-B,"368,900","331,170",,
279591,ACTIVE,ADDRESS,OFFICIAL,NW,2424 PENNSYLVANIA AVENUE NW,791,Foggy Bottom,Columbia Heights/Shaw Collaborative,5600,Precinct 4,Ward 2,20037,ANC 2A,005600 1001,005600 1,38.902983,-77.05227263,139,MIXED USE,139,85394,704,RENTAL,MU-6,"7,285,440","23,727,360",,
307521,ACTIVE,ADDRESS,OFFICIAL,NW,875 10TH STREET NW,NA,Central-tri 3,Columbia Heights/Shaw Collaborative,5800,Precinct 129,Ward 2,20001,ANC 2C,005800 1005,005800 1,38.90059376,-77.02568376,236,RESIDENTIAL,236,231009,527,RENTAL,D-5-R,,,,
248187,ACTIVE,ADDRESS,OFFICIAL,NW,4514 NEW HAMPSHIRE AVENUE NW,2362,Petworth,Georgia Avenue/Rock Creek East Collaborative,2301,Precinct 46,Ward 4,20011,ANC 4C,002301 1000,002301 1,38.94583144,-77.01759307,0,RESIDENTIAL,1,NA,NA,NA,R-3,"343,470","195,460",,
242466,ACTIVE,ADDRESS,OFFICIAL,NW,2148 O STREET NW,544,Central-tri 1,Columbia Heights/Shaw Collaborative,5500,Precinct 14,Ward 2,20037,ANC 2B,005500 4001,005500 4,38.90838671,-77.04840658,36,MIXED USE,36,162063,207,RENTAL,RA-8,"2,835,000","4,027,690",1,
279885,ACTIVE,ADDRESS,OFFICIAL,NW,700 NEW HAMPSHIRE AVENUE NW,790,Foggy Bottom,Columbia Heights/Shaw Collaborative,5600,Precinct 3,Ward 2,20037,ANC 2A,005600 2005,005600 2,38.89842971,-77.05544109,294,RESIDENTIAL,294,218044,506,RENTAL,MU-2,"53,479,310","80,218,960",1,
250874,ACTIVE,ADDRESS,OFFICIAL,NW,602 BUTTERNUT STREET NW,167,Brightwood,Georgia Avenue/Rock Creek East Collaborative,1702,Precinct 63,Ward 4,20012,ANC 4B,001702 1015,001702 1,38.97336258,-77.02180506,0,RESIDENTIAL,1,NA,NA,NA,R-1-B,"323,780","243,530",,
224803,ACTIVE,ADDRESS,OFFICIAL,NW,4000 TUNLAW ROAD NW,973,Glover Park,Columbia Heights/Shaw Collaborative,702,Precinct 11,Ward 3,20007,ANC 3B,000702 1000,000702 1,38.92528467,-77.08024404,291,RESIDENTIAL,291,7282,516,CONDO,RA-1,"105,390","245,900",,
224803,ACTIVE,ADDRESS,OFFICIAL,NW,4000 TUNLAW ROAD NW,973,Glover Park,Columbia Heights/Shaw Collaborative,702,Precinct 11,Ward 3,20007,ANC 3B,000702 1000,000702 1,38.92528467,-77.08024404,291,RESIDENTIAL,291,7632,1115,CONDO,RA-1,"110,520","257,870",,
262665,ACTIVE,ADDRESS,OFFICIAL,NW,2712 WISCONSIN AVENUE NW,905,Observatory Circle,Columbia Heights/Shaw Collaborative,702,Precinct 11,Ward 3,20007,ANC 3B,000702 2000,000702 2,38.9253464,-77.07363426,126,RESIDENTIAL,126,57887,808,RENTAL,RA-4,"2,720,340","23,581,450",,
268470,ACTIVE,ADDRESS,OFFICIAL,NW,5009 WEAVER TERRACE NW,178,Kent,Columbia Heights/Shaw Collaborative,901,Precinct 8,Ward 3,20016,ANC 3D,000901 1013,000901 1,38.93103478,-77.10059833,0,RESIDENTIAL,1,NA,NA,NA,RA-4,"670,580","112,720",,
224740,ACTIVE,ADDRESS,OFFICIAL,NW,2111 WISCONSIN AVENUE NW,906,Observatory Circle,Columbia Heights/Shaw Collaborative,400,Precinct 12,Ward 3,20007,ANC 3B,000400 2029,000400 2,38.91830481,-77.06854901,162,RESIDENTIAL,162,14286,420,CONDO,R-2,"96,050","224,110",,
263520,ACTIVE,ADDRESS,OFFICIAL,NW,3830 GARFIELD STREET NW,895,Observatory Circle,Columbia Heights/Shaw Collaborative,701,Precinct 28,Ward 3,20007,ANC 3B,000701 4006,000701 4,38.92732414,-77.07663282,0,RESIDENTIAL,1,NA,NA,NA,R-2,"640,500","312,910",,
248583,ACTIVE,ADDRESS,OFFICIAL,NW,5207 5TH STREET NW,2367,Petworth,Georgia Avenue/Rock Creek East Collaborative,2102,Precinct 56,Ward 4,20011,ANC 4D,002102 5002,002102 5,38.95342349,-77.01951375,0,RESIDENTIAL,1,NA,NA,NA,R-3,"321,740","363,020",,
220533,ACTIVE,ADDRESS,OFFICIAL,NW,4849 CONNECTICUT AVENUE NW,817,Forest Hills,Columbia Heights/Shaw Collaborative,1301,Precinct 138,Ward 3,20008,ANC 3F,001301 3002,001301 3,38.95289861,-77.06819303,328,RESIDENTIAL,328,44303,317,RENTAL,RA-4,"13,058,640","66,391,780",,
271038,ACTIVE,ADDRESS,OFFICIAL,NW,4451 VOLTA PLACE NW,712,Foxhall,Columbia Heights/Shaw Collaborative,802,Precinct 7,Ward 3,20007,ANC 3D,000802 2013,000802 2,38.90986264,-77.08261854,0,RESIDENTIAL,1,NA,NA,NA,R-3,"495,020","317,340",,
236261,ACTIVE,ADDRESS,OFFICIAL,NW,1845 HARVARD STREET NW,1954,Mt. Pleasant,Columbia Heights/Shaw Collaborative,2702,Precinct 39,Ward 1,20009,ANC 1D,002702 2007,002702 2,38.92839326,-77.04323548,194,RESIDENTIAL,194,230696,715,RENTAL,RF-1,"4,628,250","22,254,200",1,
230569,ACTIVE,ADDRESS,OFFICIAL,NW,3526 10TH STREET NW,1852,Columbia Heights,Columbia Heights/Shaw Collaborative,2900,Precinct 42,Ward 1,20010,ANC 1A,002900 1005,002900 1,38.93378958,-77.02754329,1,RESIDENTIAL,2,200549,B,RENTAL,RF-1,"429,220","223,150",,
242519,ACTIVE,ADDRESS,OFFICIAL,NW,611 22ND STREET NW,786,Foggy Bottom,Columbia Heights/Shaw Collaborative,10800,Precinct 2,Ward 2,20052,ANC 2A,010800 3003,010800 3,38.89774506,-77.04859879,5,RESIDENTIAL,5,196555,302,RENTAL,RA-4,"562,960","696,290",,
242555,ACTIVE,ADDRESS,OFFICIAL,NW,2000 N STREET NW,545,Central-tri 1,Columbia Heights/Shaw Collaborative,10700,Precinct 4,Ward 2,20036,ANC 2A,010700 2008,010700 2,38.90706037,-77.04536493,309,RESIDENTIAL,309,89558,628,RENTAL,D-5,"42,785,620","76,311,960",,
232721,ACTIVE,ADDRESS,OFFICIAL,NW,736 HOBART PLACE NW,616,Columbia Heights,Columbia Heights/Shaw Collaborative,3100,Precinct 37,Ward 1,20001,ANC 1B,003100 1017,003100 1,38.92734648,-77.02425136,0,RESIDENTIAL,1,NA,NA,NA,RF-1,"331,180","154,190",,
223988,ACTIVE,ADDRESS,OFFICIAL,NW,4000 MASSACHUSETTS AVENUE NW,894,Observatory Circle,Columbia Heights/Shaw Collaborative,701,Precinct 28,Ward 3,20016,ANC 3B,000701 2000,000701 2,38.9313018,-77.0787448,502,MIXED USE,502,84425,1136,RENTAL,RA-2,"24,068,430","68,784,560",,
237047,ACTIVE,ADDRESS,OFFICIAL,NW,57 N STREET NW,2116,Old City 2,Edgewood/Brookland Family Support Collaborative,4600,Precinct 19,Ward 5,20001,ANC 5E,004600 1004,004600 1,38.90743961,-77.01111215,115,RESIDENTIAL,115,294756,221,CONDO,MU-4,"69,000","161,000",,
225943,ACTIVE,ADDRESS,OFFICIAL,NW,2122 MASSACHUSETTS AVENUE NW,560,Central-tri 1,Columbia Heights/Shaw Collaborative,5500,Precinct 14,Ward 2,20008,ANC 2B,005500 1016,005500 1,38.91073188,-77.04834222,313,RESIDENTIAL,313,81349,622,RENTAL,RA-10,"27,487,600","25,065,030",,
300856,ACTIVE,ADDRESS,OFFICIAL,NW,3900 B WATSON PLACE NW,915,Observatory Circle,Columbia Heights/Shaw Collaborative,701,Precinct 28,Ward 3,20016,ANC 3B,000701 3000,000701 3,38.92715421,-77.07871773,76,RESIDENTIAL,76,273443,G2E,RENTAL,RA-1,"18,670,770","28,006,150",1,
304080,ACTIVE,ADDRESS,OFFICIAL,NW,150 V STREET NW,185,Ledroit Park,Edgewood/Brookland Family Support Collaborative,3301,Precinct 135,Ward 5,20001,ANC 5E,003301 3005,003301 3,38.9179249,-77.01413758,43,RESIDENTIAL,43,119397,V204,CONDO,RA-2,"173,730","405,370",,
237585,ACTIVE,ADDRESS,OFFICIAL,NW,461 H STREET NW,464,Central-tri 3,Columbia Heights/Shaw Collaborative,5900,Precinct 143,Ward 2,20001,ANC 2C,005900 1010,005900 1,38.90002434,-77.01797603,274,RESIDENTIAL,274,290364,503,RENTAL,D-1-R,"16,692,910","61,699,080",1,
254851,ACTIVE,ADDRESS,OFFICIAL,NW,5511 COLORADO AVENUE NW,2440,16th Street Heights,Georgia Avenue/Rock Creek East Collaborative,2002,Precinct 54,Ward 4,20011,ANC 4C,002002 2005,002002 2,38.9566504,-77.03258749,7,MIXED USE,7,221878,401,CONDO,MU-4,"126,400","294,940",,
307521,ACTIVE,ADDRESS,OFFICIAL,NW,875 10TH STREET NW,NA,Central-tri 3,Columbia Heights/Shaw Collaborative,5800,Precinct 129,Ward 2,20001,ANC 2C,005800 1005,005800 1,38.90059376,-77.02568376,236,RESIDENTIAL,236,231096,911,RENTAL,D-5-R,,,,
242562,ACTIVE,ADDRESS,OFFICIAL,NW,1803 CONNECTICUT AVENUE NW,2186,Old City 2,Columbia Heights/Shaw Collaborative,4202,Precinct 14,Ward 2,20009,ANC 2B,004202 2006,004202 2,38.91433048,-77.04577728,0,RESIDENTIAL,1,NA,NA,NA,MU-20,"1,110,520","1,837,840",1,
250414,ACTIVE,ADDRESS,OFFICIAL,NW,709 ONEIDA PLACE NW,1674,Brightwood,Georgia Avenue/Rock Creek East Collaborative,1901,Precinct 58,Ward 4,20011,ANC 4B,001901 1001,001901 1,38.96217141,-77.02297242,0,RESIDENTIAL,1,NA,NA,NA,R-2,"260,270","151,920",,
303497,ACTIVE,ADDRESS,OFFICIAL,NW,2125 14TH STREET NW,NA,Old City 2,Columbia Heights/Shaw Collaborative,4400,Precinct 22,Ward 1,20009,ANC 1B,004400 1006,004400 1,38.91858638,-77.03162339,267,RESIDENTIAL,267,120709,224,CONDO,RA-2,"198,140","462,340",,
266144,ACTIVE,ADDRESS,OFFICIAL,NW,4201 BUTTERWORTH PLACE NW,565,American University,Columbia Heights/Shaw Collaborative,1001,Precinct 31,Ward 3,20016,ANC 3E,001001 2030,001001 2,38.94907321,-77.08236855,201,RESIDENTIAL,201,170680,633,RENTAL,R-1-B,"4,051,950","25,082,270",,
303505,ACTIVE,ADDRESS,OFFICIAL,NW,301 MASSACHUSETTS AVENUE NW,2124,Old City 2,South Washington/West of the River Collaborative,4702,Precinct 1,Ward 6,20001,ANC 6E,004702 1012,004702 1,38.90045179,-77.0154541,75,RESIDENTIAL,75,118685,507,CONDO,D-4-R,"151,360","353,180",,
276031,ACTIVE,ADDRESS,OFFICIAL,NW,4444 CONNECTICUT AVENUE NW,872,North Cleveland Park,Columbia Heights/Shaw Collaborative,1200,Precinct 33,Ward 3,20008,ANC 3F,001200 3000,001200 3,38.94765877,-77.06597313,54,RESIDENTIAL,54,9203,303,CONDO,MU-7,"117,160","273,380",,
218791,ACTIVE,ADDRESS,OFFICIAL,NW,916 P STREET NW,2149,Old City 2,Columbia Heights/Shaw Collaborative,4901,Precinct 129,Ward 2,20001,ANC 2F,004901 2009,004901 2,38.90944306,-77.0246661,0,RESIDENTIAL,1,NA,NA,NA,RF-1,"568,880","467,490",,
236089,ACTIVE,ADDRESS,OFFICIAL,NW,3025 ONTARIO ROAD NW,1943,Mt. Pleasant,Columbia Heights/Shaw Collaborative,3900,Precinct 35,Ward 1,20009,ANC 1C,003900 2003,003900 2,38.92605534,-77.04393224,50,RESIDENTIAL,50,40230,101,RENTAL,RA-2,"4,710,620","7,065,930",1,
279326,ACTIVE,ADDRESS,OFFICIAL,NW,1715 8TH STREET NW,2098,Old City 2,South Washington/West of the River Collaborative,4901,Precinct 21,Ward 6,20001,ANC 6E,004901 1000,004901 1,38.91385674,-77.02270112,13,RESIDENTIAL,13,160316,303,RENTAL,RA-4,"6,606,600","6,405,540",1,
221568,ACTIVE,ADDRESS,OFFICIAL,NW,3130 WISCONSIN AVENUE NW,776,Cleveland Park,Columbia Heights/Shaw Collaborative,701,Precinct 28,Ward 3,20016,ANC 3C,000701 1004,000701 1,38.93128224,-77.07322104,205,RESIDENTIAL,205,40409,820,RENTAL,RA-2,"3,638,010","24,020,680",,
223979,ACTIVE,ADDRESS,OFFICIAL,NW,3900 CATHEDRAL AVENUE NW,915,Observatory Circle,Columbia Heights/Shaw Collaborative,701,Precinct 28,Ward 3,20016,ANC 3B,000701 3000,000701 3,38.92839268,-77.07790684,104,RESIDENTIAL,104,169225,704A,RENTAL,RA-1,,,,
240408,ACTIVE,ADDRESS,OFFICIAL,NW,1323 WALLACH PLACE NW,2207,Old City 2,Columbia Heights/Shaw Collaborative,4400,Precinct 22,Ward 1,20009,ANC 1B,004400 2007,004400 2,38.91642964,-77.03047961,0,RESIDENTIAL,1,NA,NA,NA,RF-1,"662,820","574,560",,
260508,ACTIVE,ADDRESS,OFFICIAL,NW,2746 UNICORN LANE NW,1833,Chevy Chase,Georgia Avenue/Rock Creek East Collaborative,1500,Precinct 51,Ward 4,20015,ANC 3G,001500 4010,001500 4,38.97417576,-77.05611604,0,RESIDENTIAL,1,NA,NA,NA,R-1-A,"421,140","644,070",,
279594,ACTIVE,ADDRESS,OFFICIAL,NW,2500 VIRGINIA AVENUE NW,790,Foggy Bottom,Columbia Heights/Shaw Collaborative,5600,Precinct 3,Ward 2,20037,ANC 2A,005600 2005,005600 2,38.89870359,-77.05423282,111,RESIDENTIAL,111,83299,905,RENTAL,MU-2,"59,356,250","79,136,590",1,
226037,ACTIVE,ADDRESS,OFFICIAL,NW,1621 T STREET NW,2175,Old City 2,Columbia Heights/Shaw Collaborative,4201,Precinct 141,Ward 2,20009,ANC 2B,004201 1002,004201 1,38.91577113,-77.03813655,62,RESIDENTIAL,62,24744,202,CONDO,RA-4,"174,960","408,250",,
295462,ACTIVE,ADDRESS,OFFICIAL,NW,805 R STREET NW,2098,Old City 2,South Washington/West of the River Collaborative,4901,Precinct 21,Ward 6,20001,ANC 6E,004901 1001,004901 1,38.91338439,-77.02338483,12,RESIDENTIAL,12,167582,103,RENTAL,RA-2,"129,000","372,000",,
243267,ACTIVE,ADDRESS,OFFICIAL,NW,916 G STREET NW,473,Central-tri 3,Columbia Heights/Shaw Collaborative,5800,Precinct 129,Ward 2,20001,ANC 2C,005800 1017,005800 1,38.89811699,-77.02490981,52,RESIDENTIAL,52,111879,306,CONDO,D-7,"119,150","278,010",,
273069,ACTIVE,ADDRESS,OFFICIAL,NW,1657 31ST STREET NW,1774,Georgetown,Columbia Heights/Shaw Collaborative,100,Precinct 5,Ward 2,20007,ANC 2E,000100 1002,000100 1,38.9120808,-77.06221598,36,RESIDENTIAL,36,83805,402,RENTAL,R-19,"83,570","8,900",,
266222,ACTIVE,ADDRESS,OFFICIAL,NW,4457 WESTOVER PLACE NW,2519,Wesley Heights,Columbia Heights/Shaw Collaborative,801,Precinct 10,Ward 3,20016,ANC 3D,000801 3001,000801 3,38.93469333,-77.08603929,0,RESIDENTIAL,1,NA,NA,NA,RA-1,"401,330","640,410",,
234198,ACTIVE,ADDRESS,OFFICIAL,NW,2407 15TH STREET NW,2569,Columbia Heights,Columbia Heights/Shaw Collaborative,3700,Precinct 23,Ward 1,20009,ANC 1B,003700 1002,003700 1,38.92213401,-77.03489526,60,RESIDENTIAL,60,91292,511,RENTAL,RA-2,"1,156,290","8,717,810",,
237157,ACTIVE,ADDRESS,OFFICIAL,NW,35 E STREET NW,459,Central-tri 3,South Washington/West of the River Collaborative,5900,Precinct 1,Ward 6,20001,ANC 6C,005900 1024,005900 1,38.89638686,-77.01059837,122,RESIDENTIAL,122,93584,509,RENTAL,D-3,"4,177,500","10,281,960",,
310134,ACTIVE,ADDRESS,OFFICIAL,NW,450 K STREET NW,NA,Old City 2,South Washington/West of the River Collaborative,4702,Precinct 1,Ward 6,20001,ANC 6E,004702 1007,004702 1,38.90227481,-77.01796634,238,MIXED USE,238,242904,414,RENTAL,D-4-R,"15,656,250","85,226,900",,
236110,ACTIVE,ADDRESS,OFFICIAL,NW,2900 ADAMS MILL ROAD NW,1953,Mt. Pleasant,Columbia Heights/Shaw Collaborative,3900,Precinct 35,Ward 1,20009,ANC 1C,003900 2002,003900 2,38.92692056,-77.04354608,43,RESIDENTIAL,43,94999,B4,RENTAL,RA-2,"508,320","8,591,540",,
219282,ACTIVE,ADDRESS,OFFICIAL,NW,2501 PORTER STREET NW,812,Forest Hills,Columbia Heights/Shaw Collaborative,1302,Precinct 34,Ward 3,20008,ANC 3C,001302 2001,001302 2,38.93548022,-77.05399252,211,RESIDENTIAL,211,59710,627,RENTAL,R-1-A,"14,033,460","59,346,747",,
225017,ACTIVE,ADDRESS,OFFICIAL,NW,1201 QUINCY STREET NW,1868,Columbia Heights,Georgia Avenue/Rock Creek East Collaborative,2502,Precinct 47,Ward 4,20011,ANC 4C,002502 2001,002502 2,38.93777642,-77.02738497,0,RESIDENTIAL,1,NA,NA,NA,RF-1,"396,420","302,070",,
243225,ACTIVE,ADDRESS,OFFICIAL,NW,3636 16TH STREET NW,1959,Mt. Pleasant,Columbia Heights/Shaw Collaborative,2701,Precinct 40,Ward 1,20010,ANC 1D,002701 4000,002701 4,38.9364283,-77.03726282,1181,MIXED USE,1181,108973,B1109,RENTAL,RA-4,"16,030,800","46,687,200",,
264477,ACTIVE,ADDRESS,OFFICIAL,NW,4116 ELLICOTT STREET NW,1817,Chevy Chase,Columbia Heights/Shaw Collaborative,1100,Precinct 32,Ward 3,20016,ANC 3E,001100 4020,001100 4,38.95315519,-77.08099946,2,RESIDENTIAL,2,201478,A,RENTAL,R-2,"449,480","345,060",,
299912,ACTIVE,ADDRESS,OFFICIAL,NW,3808 DAVIS PLACE NW,973,Glover Park,Columbia Heights/Shaw Collaborative,702,Precinct 11,Ward 3,20007,ANC 3B,000702 3002,000702 3,38.92331413,-77.07574897,6,RESIDENTIAL,6,78438,101,RENTAL,RA-1,"1,558,500","6,033,960",1,3
275847,ACTIVE,ADDRESS,OFFICIAL,NW,3252 N STREET NW,1771,Georgetown,Columbia Heights/Shaw Collaborative,202,Precinct 6,Ward 2,20007,ANC 2E,000202 3007,000202 3,38.90664331,-77.06496085,0,RESIDENTIAL,1,NA,NA,NA,R-20,"710,130","1,282,760",,
228987,ACTIVE,ADDRESS,OFFICIAL,NW,619 KENYON STREET NW,637,Columbia Heights,Columbia Heights/Shaw Collaborative,3200,Precinct 38,Ward 1,20010,ANC 1A,003200 3003,003200 3,38.93017827,-77.0218396,0,RESIDENTIAL,1,NA,NA,NA,RF-1,"380,270","255,290",,
246852,ACTIVE,ADDRESS,OFFICIAL,NW,608 JEFFERSON STREET NW,2345,Petworth,Georgia Avenue/Rock Creek East Collaborative,2101,Precinct 56,Ward 4,20011,ANC 4D,002101 3000,002101 3,38.95509201,-77.02101033,14,RESIDENTIAL,14,117076,104,CONDO,RF-1,"72,910","170,120",,
249060,ACTIVE,ADDRESS,OFFICIAL,NW,421 VAN BUREN STREET NW,165,Brightwood,Georgia Avenue/Rock Creek East Collaborative,1702,Precinct 63,Ward 4,20012,ANC 4B,001702 1028,001702 1,38.97011729,-77.01912805,0,RESIDENTIAL,1,NA,NA,NA,R-1-B,"336,490","558,230",,
223188,ACTIVE,ADDRESS,OFFICIAL,NW,3701 39TH STREET NW,774,Cleveland Park,Columbia Heights/Shaw Collaborative,1002,Precinct 29,Ward 3,20016,ANC 3C,001002 2001,001002 2,38.93823949,-77.07762198,6,RESIDENTIAL,6,6927,F186,CONDO,RA-1,"127,040","296,440",,
219298,ACTIVE,ADDRESS,OFFICIAL,NW,3801 CONNECTICUT AVENUE NW,825,Forest Hills,Columbia Heights/Shaw Collaborative,1302,Precinct 34,Ward 3,20008,ANC 3F,001302 2001,001302 2,38.93935379,-77.06007463,318,RESIDENTIAL,318,42426,207,RENTAL,RA-4,"14,317,380","40,827,390",,
268570,ACTIVE,ADDRESS,OFFICIAL,NW,5064 LOWELL STREET NW,178,Kent,Columbia Heights/Shaw Collaborative,901,Precinct 8,Ward 3,20016,ANC 3D,000901 1009,000901 1,38.93205061,-77.10342787,0,RESIDENTIAL,1,NA,NA,NA,R-1-B,"915,630","903,740",,
275774,ACTIVE,ADDRESS,OFFICIAL,NW,2401 CALVERT STREET NW,714,Garfield,Columbia Heights/Shaw Collaborative,501,Precinct 26,Ward 3,20008,ANC 3C,000501 2000,000501 2,38.92395448,-77.05311462,271,RESIDENTIAL,271,90121,213,RENTAL,RA-4,"18,024,310","50,078,300",,
264202,ACTIVE,ADDRESS,OFFICIAL,NW,5201 CONNECTICUT AVENUE NW,1823,Chevy Chase,Columbia Heights/Shaw Collaborative,1402,Precinct 50,Ward 3,20015,ANC 3G,001402 3005,001402 3,38.95788131,-77.07112326,159,RESIDENTIAL,159,164543,505,RENTAL,RA-2,"2,765,160","23,627,530",1,
254436,ACTIVE,ADDRESS,OFFICIAL,NW,931 LONGFELLOW STREET NW,2349,Petworth,Georgia Avenue/Rock Creek East Collaborative,2101,Precinct 58,Ward 4,20011,ANC 4B,002101 1012,002101 1,38.95761351,-77.0267653,52,RESIDENTIAL,52,50652,109,RENTAL,RF-1,"2,666,760","4,000,150",,
228360,ACTIVE,ADDRESS,OFFICIAL,NW,715 PRINCETON PLACE NW,634,Columbia Heights,Columbia Heights/Shaw Collaborative,3200,Precinct 43,Ward 1,20010,ANC 1A,003200 1003,003200 1,38.93569234,-77.02185767,0,RESIDENTIAL,1,NA,NA,NA,RF-1,"381,230","297,810",1,
284190,ACTIVE,ADDRESS,OFFICIAL,NW,2112 8TH STREET NW,608,Columbia Heights,Columbia Heights/Shaw Collaborative,3500,Precinct 37,Ward 1,20001,ANC 1B,003500 2005,003500 2,38.91839221,-77.02307513,276,MIXED USE,276,284246,924,RENTAL,MU-10,,,,
258858,ACTIVE,ADDRESS,OFFICIAL,NW,4520 17TH STREET NW,783,Crestwood,Georgia Avenue/Rock Creek East Collaborative,2600,Precinct 48,Ward 4,20011,ANC 4A,002600 2021,002600 2,38.94598415,-77.03906656,0,RESIDENTIAL,1,NA,NA,NA,R-1-B,"469,650","695,210",,
241021,ACTIVE,ADDRESS,OFFICIAL,NW,1911 R STREET NW,2186,Old City 2,Columbia Heights/Shaw Collaborative,4202,Precinct 14,Ward 2,20009,ANC 2B,004202 2004,004202 2,38.91284205,-77.04409855,25,RESIDENTIAL,25,76918,802,RENTAL,RA-8,"1,522,220","9,826,230",,
227378,ACTIVE,ADDRESS,OFFICIAL,NW,73 RHODE ISLAND AVENUE NW,185,Ledroit Park,Edgewood/Brookland Family Support Collaborative,3301,Precinct 135,Ward 5,20001,ANC 5E,003301 2000,003301 2,38.91622269,-77.01161015,0,RESIDENTIAL,1,NA,NA,NA,MU-4,"444,730","254,210",1,
242480,ACTIVE,ADDRESS,OFFICIAL,NW,1101 NEW HAMPSHIRE AVENUE NW,546,Central-tri 1,Columbia Heights/Shaw Collaborative,10700,Precinct 4,Ward 2,20037,ANC 2A,010700 1006,010700 1,38.90402562,-77.04831531,201,RESIDENTIAL,201,93992,403,RENTAL,RA-5,"10,176,800","40,378,940",,
232481,ACTIVE,ADDRESS,OFFICIAL,NW,744 GIRARD STREET NW,622,Columbia Heights,Columbia Heights/Shaw Collaborative,3500,Precinct 37,Ward 1,20001,ANC 1B,003500 1003,003500 1,38.92575722,-77.02432393,35,RESIDENTIAL,35,49608,201,RENTAL,RF-1,"714,000","1,071,000",,
224793,ACTIVE,ADDRESS,OFFICIAL,NW,4201 CATHEDRAL AVENUE NW,2522,Wesley Heights,Columbia Heights/Shaw Collaborative,801,Precinct 10,Ward 3,20016,ANC 3D,000801 1000,000801 1,38.93082287,-77.08297729,623,RESIDENTIAL,623,6837,215E,CONDO,RA-1,"142,790","333,190",,
232560,ACTIVE,ADDRESS,OFFICIAL,NW,727 GRESHAM PLACE NW,622,Columbia Heights,Columbia Heights/Shaw Collaborative,3500,Precinct 37,Ward 1,20001,ANC 1B,003500 1000,003500 1,38.92669347,-77.02381601,0,RESIDENTIAL,1,NA,NA,NA,RF-1,"390,870","197,800",,
238401,ACTIVE,ADDRESS,OFFICIAL,NW,1330 7TH STREET NW,2138,Old City 2,South Washington/West of the River Collaborative,4902,Precinct 18,Ward 6,20001,ANC 6E,004902 1000,004902 1,38.90811789,-77.0221966,137,RESIDENTIAL,137,155400,815,RENTAL,RA-4,"17,173,200","18,416,210",,
246696,ACTIVE,ADDRESS,OFFICIAL,NW,5511 7TH STREET NW,667,Petworth,Georgia Avenue/Rock Creek East Collaborative,2101,Precinct 56,Ward 4,20011,ANC 4D,002101 2000,002101 2,38.95677753,-77.02208692,0,RESIDENTIAL,1,NA,NA,NA,MU-4,"320,860","132,700",,
276054,ACTIVE,ADDRESS,OFFICIAL,NW,3315 WISCONSIN AVENUE NW,768,Cleveland Park,Columbia Heights/Shaw Collaborative,600,Precinct 27,Ward 3,20016,ANC 3C,000600 3002,000600 3,38.93378808,-77.07206379,66,RESIDENTIAL,66,164412,602,RENTAL,RA-2,"5,674,180","8,511,270",1,
234582,ACTIVE,ADDRESS,OFFICIAL,NW,1440 MERIDIAN PLACE NW,1838,Columbia Heights,Columbia Heights/Shaw Collaborative,2801,Precinct 41,Ward 1,20010,ANC 1A,002801 1003,002801 1,38.93350971,-77.03486645,21,RESIDENTIAL,21,158478,301,RENTAL,RA-2,"923,780","2,393,840",1,
271031,ACTIVE,ADDRESS,OFFICIAL,NW,4433 VOLTA PLACE NW,712,Foxhall,Columbia Heights/Shaw Collaborative,802,Precinct 7,Ward 3,20007,ANC 3D,000802 2013,000802 2,38.90988437,-77.08207229,0,RESIDENTIAL,1,NA,NA,NA,R-3,"495,410","379,400",,
270441,ACTIVE,ADDRESS,OFFICIAL,NW,3533 R STREET NW,1697,Burleith,Columbia Heights/Shaw Collaborative,300,Precinct 6,Ward 2,20007,ANC 2E,000300 1009,000300 1,38.91386225,-77.0706698,0,RESIDENTIAL,1,NA,NA,NA,R-20,"523,730","435,120",,
311605,ACTIVE,ADDRESS,OFFICIAL,NW,2660 CONNECTICUT AVENUE NW,NA,Garfield,Columbia Heights/Shaw Collaborative,501,Precinct 26,Ward 3,20008,ANC 3C,000501 2000,000501 2,38.9249245,-77.05330574,34,RESIDENTIAL,34,276743,6E,CONDO,RA-4,"795,000","1,855,000",,
220638,ACTIVE,ADDRESS,OFFICIAL,NW,3726 CONNECTICUT AVENUE NW,871,North Cleveland Park,Columbia Heights/Shaw Collaborative,600,Precinct 27,Ward 3,20008,ANC 3F,000600 1001,000600 1,38.93899798,-77.06108348,119,RESIDENTIAL,119,42368,504,RENTAL,RA-4,"6,712,990","27,480,910",,
226284,ACTIVE,ADDRESS,OFFICIAL,NW,1673 PARK ROAD NW,1963,Mt. Pleasant,Columbia Heights/Shaw Collaborative,2701,Precinct 40,Ward 1,20010,ANC 1D,002701 2006,002701 2,38.93273635,-77.03859462,32,RESIDENTIAL,32,82,305,CONDO,RA-2,"104,280","243,320",,
272262,ACTIVE,ADDRESS,OFFICIAL,NW,1308 35TH STREET NW,1767,Georgetown,Columbia Heights/Shaw Collaborative,202,Precinct 6,Ward 2,20007,ANC 2E,000202 4003,000202 4,38.90695147,-77.06922836,0,RESIDENTIAL,1,NA,NA,NA,R-20,"578,860","668,750",,
274879,ACTIVE,ADDRESS,OFFICIAL,NW,1111 25TH STREET NW,519,Central-tri 1,Columbia Heights/Shaw Collaborative,5500,Precinct 4,Ward 2,20037,ANC 2A,005500 2011,005500 2,38.90478172,-77.05303244,141,RESIDENTIAL,141,115574,517,CONDO,MU-6,"230,040","536,770",,
243477,ACTIVE,ADDRESS,OFFICIAL,NW,1415 TUCKERMAN STREET NW,1643,Brightwood,Georgia Avenue/Rock Creek East Collaborative,1803,Precinct 61,Ward 4,20011,ANC 4A,001803 1005,001803 1,38.96774644,-77.03435448,66,RESIDENTIAL,66,51118,204,RENTAL,RA-1,"2,878,280","5,379,980",,
270812,ACTIVE,ADDRESS,OFFICIAL,NW,4024 CALVERT STREET NW,983,Glover Park,Columbia Heights/Shaw Collaborative,300,Precinct 11,Ward 3,20007,ANC 3B,000300 2002,000300 2,38.92235606,-77.08011528,5,RESIDENTIAL,5,171110,5,RENTAL,RA-1,"259,880","1,331,620",1,
230978,ACTIVE,ADDRESS,OFFICIAL,NW,1019 LAMONT STREET NW,1853,Columbia Heights,Columbia Heights/Shaw Collaborative,3100,Precinct 38,Ward 1,20010,ANC 1A,003100 1006,003100 1,38.93093004,-77.02730091,0,RESIDENTIAL,1,NA,NA,NA,RF-1,"442,360","590,100",,
243487,ACTIVE,ADDRESS,OFFICIAL,NW,6000 13TH STREET NW,1653,Brightwood,Georgia Avenue/Rock Creek East Collaborative,1804,Precinct 60,Ward 4,20011,ANC 4A,001804 3003,001804 3,38.96314701,-77.03011351,46,RESIDENTIAL,46,63825,204,RENTAL,RA-1,"1,061,590","3,671,790",1,
274004,ACTIVE,ADDRESS,OFFICIAL,NW,925 25TH STREET NW,792,Foggy Bottom,Columbia Heights/Shaw Collaborative,5600,Precinct 3,Ward 2,20037,ANC 2A,005600 4001,005600 4,38.90143565,-77.05304897,169,RESIDENTIAL,169,277391,403,RENTAL,R-17,"6,633,280","22,743,660",,
284325,ACTIVE,ADDRESS,OFFICIAL,NW,2251 SHERMAN AVENUE NW,608,Columbia Heights,Columbia Heights/Shaw Collaborative,3500,Precinct 37,Ward 1,20001,ANC 1B,003500 2004,003500 2,38.92031081,-77.02464738,917,RESIDENTIAL,917,213272,518W,RENTAL,RA-5,"55,663,020","113,926,200",,
235844,ACTIVE,ADDRESS,OFFICIAL,NW,2601 16TH STREET NW,605,Columbia Heights,Columbia Heights/Shaw Collaborative,3700,Precinct 36,Ward 1,20009,ANC 1B,003700 2004,003700 2,38.92361837,-77.03587816,664,RESIDENTIAL,664,189033,209,RENTAL,RA-4,"11,913,740","4,210,690",,
283988,ACTIVE,ADDRESS,OFFICIAL,NW,1331 LOCUST ROAD NW,1041,Shepherd Heights,Georgia Avenue/Rock Creek East Collaborative,1600,Precinct 62,Ward 4,20012,ANC 4A,001600 1010,001600 1,38.98567292,-77.03105817,0,RESIDENTIAL,1,NA,NA,NA,R-1-B,"363,320","470,740",,
310637,ACTIVE,ADDRESS,OFFICIAL,NW,800 P STREET NW,NA,Old City 2,South Washington/West of the River Collaborative,4901,Precinct 18,Ward 6,20001,ANC 6E,004901 2008,004901 2,38.90948129,-77.02318928,161,RESIDENTIAL,161,242467,209,RENTAL,MU-4,"5,354,880","48,053,650",,
234289,ACTIVE,ADDRESS,OFFICIAL,NW,1453 GIRARD STREET NW,607,Columbia Heights,Columbia Heights/Shaw Collaborative,3700,Precinct 36,Ward 1,20009,ANC 1A,003700 2000,003700 2,38.92559134,-77.03450773,5,RESIDENTIAL,5,268845,1,CONDO,RA-2,"174,960","408,240",,
285190,ACTIVE,ADDRESS,OFFICIAL,NW,5414 1ST PLACE NW,762,Chillum,Georgia Avenue/Rock Creek East Collaborative,2102,Precinct 57,Ward 4,20011,ANC 4B,002102 2002,002102 2,38.95619929,-77.01036348,20,RESIDENTIAL,20,220005,101,CONDO,RA-1,"64,450","150,370",,
279946,ACTIVE,ADDRESS,OFFICIAL,NW,801 PENNSYLVANIA AVENUE NW,487,Central-tri 3,Columbia Heights/Shaw Collaborative,5800,Precinct 143,Ward 2,20004,ANC 2C,005800 1039,005800 1,38.89442863,-77.02350611,105,RESIDENTIAL,105,11740,1227,CONDO,D-6-R,"133,640","311,840",,
234308,ACTIVE,ADDRESS,OFFICIAL,NW,1442 HARVARD STREET NW,607,Columbia Heights,Columbia Heights/Shaw Collaborative,3700,Precinct 36,Ward 1,20009,ANC 1A,003700 2000,003700 2,38.92619764,-77.03404488,6,RESIDENTIAL,6,223161,4,CONDO,RA-2,"158,440","369,710",,
258187,ACTIVE,ADDRESS,OFFICIAL,NW,1334 FORT STEVENS DRIVE NW,1652,Brightwood,Georgia Avenue/Rock Creek East Collaborative,1804,Precinct 60,Ward 4,20011,ANC 4A,001804 3004,001804 3,38.96376581,-77.03171047,40,RESIDENTIAL,40,88990,303,RENTAL,RA-1,"1,117,250","4,068,930",,
229069,ACTIVE,ADDRESS,OFFICIAL,NW,3310 PARK PLACE NW,640,Columbia Heights,Columbia Heights/Shaw Collaborative,3200,Precinct 38,Ward 1,20010,ANC 1A,003200 3005,003200 3,38.93184992,-77.01884018,3,RESIDENTIAL,3,174314,2,RENTAL,RF-1,"447,650","211,910",,
223191,ACTIVE,ADDRESS,OFFICIAL,NW,3680 38TH STREET NW,774,Cleveland Park,Columbia Heights/Shaw Collaborative,1002,Precinct 29,Ward 3,20016,ANC 3C,001002 2001,001002 2,38.93878041,-77.0761525,6,RESIDENTIAL,6,6118,C243,CONDO,RA-1,"78,410","182,950",,
270499,ACTIVE,ADDRESS,OFFICIAL,NW,3629 S STREET NW,1697,Burleith,Columbia Heights/Shaw Collaborative,300,Precinct 6,Ward 2,20007,ANC 2E,000300 1007,000300 1,38.91470547,-77.07223684,0,RESIDENTIAL,1,NA,NA,NA,R-20,"514,250","255,240",,
224507,ACTIVE,ADDRESS,OFFICIAL,NW,5023 V STREET NW,1974,Palisades,Columbia Heights/Shaw Collaborative,801,Precinct 8,Ward 3,20007,ANC 3D,000801 4004,000801 4,38.91730374,-77.09807928,0,RESIDENTIAL,1,NA,NA,NA,R-1-B,"362,580","306,040",,
271776,ACTIVE,ADDRESS,OFFICIAL,NW,2500 WISCONSIN AVENUE NW,970,Glover Park,Columbia Heights/Shaw Collaborative,702,Precinct 11,Ward 3,20007,ANC 3B,000702 2000,000702 2,38.92292327,-77.0740446,495,RESIDENTIAL,495,60582,201,RENTAL,RA-4,"17,711,200","57,605,070",1,
224796,ACTIVE,ADDRESS,OFFICIAL,NW,4100 MASSACHUSETTS AVENUE NW,2518,Wesley Heights,Columbia Heights/Shaw Collaborative,801,Precinct 10,Ward 3,20016,ANC 3D,000801 1000,000801 1,38.93355545,-77.08183219,309,RESIDENTIAL,309,181023,304,CONDO,RA-2,"78,320","338,310",,
310636,ACTIVE,ADDRESS,OFFICIAL,NW,770 P STREET NW,NA,Old City 2,South Washington/West of the River Collaborative,4901,Precinct 18,Ward 6,20001,ANC 6E,004901 2007,004901 2,38.90949366,-77.02274054,247,RESIDENTIAL,247,242437,903,RENTAL,MU-4,"11,829,000","67,454,470",,
242363,ACTIVE,ADDRESS,OFFICIAL,NW,2201 N STREET NW,524,Central-tri 1,Columbia Heights/Shaw Collaborative,5500,Precinct 14,Ward 2,20037,ANC 2B,005500 2004,005500 2,38.90743636,-77.04919247,164,RESIDENTIAL,164,38993,408,RENTAL,RA-8,"22,402,170","64,999,460",,
223963,ACTIVE,ADDRESS,OFFICIAL,NW,3122 P STREET NW,1776,Georgetown,Columbia Heights/Shaw Collaborative,100,Precinct 5,Ward 2,20007,ANC 2E,000100 3005,000100 3,38.90912718,-77.06230633,0,RESIDENTIAL,1,NA,NA,NA,R-20,"1,611,080","1,668,710",,
302090,ACTIVE,ADDRESS,OFFICIAL,NW,3506 GEORGIA AVENUE NW,1850,Columbia Heights,Columbia Heights/Shaw Collaborative,3100,Precinct 43,Ward 1,20010,ANC 1A,003100 1003,003100 1,38.93344035,-77.02414755,105,RESIDENTIAL,105,223896,411,RENTAL,NC-8,"3,339,540","16,513,140",1,
277206,ACTIVE,ADDRESS,OFFICIAL,NW,2803 OLIVE STREET NW,1793,Georgetown,Columbia Heights/Shaw Collaborative,100,Precinct 5,Ward 2,20007,ANC 2E,000100 4007,000100 4,38.90620067,-77.0573295,0,RESIDENTIAL,1,NA,NA,NA,R-20,"384,390","391,940",,
237432,ACTIVE,ADDRESS,OFFICIAL,NW,1427 5TH STREET NW,2131,Old City 2,South Washington/West of the River Collaborative,4801,Precinct 18,Ward 6,20001,ANC 6E,004801 1023,004801 1,38.90943895,-77.01866592,3,RESIDENTIAL,3,222384,2,CONDO,RF-1,"190,520","444,540",,
301977,ACTIVE,ADDRESS,OFFICIAL,NW,1210 MASSACHUSETTS AVENUE NW,497,Central-tri 3,Columbia Heights/Shaw Collaborative,10100,Precinct 17,Ward 2,20005,ANC 2F,010100 1004,010100 1,38.90418534,-77.02862491,153,RESIDENTIAL,153,154272,1107,RENTAL,D-4-R,"9,697,580","57,619,690",,
298000,ACTIVE,ADDRESS,OFFICIAL,NW,3802 14TH STREET NW,1867,Columbia Heights,Georgia Avenue/Rock Creek East Collaborative,2502,Precinct 47,Ward 4,20011,ANC 4C,002502 4002,002502 4,38.93824101,-77.034097,127,RESIDENTIAL,127,168909,207,RENTAL,RA-2,"8,280","2,400",,
226651,ACTIVE,ADDRESS,OFFICIAL,NW,1260 21ST STREET NW,521,Central-tri 1,Columbia Heights/Shaw Collaborative,5500,Precinct 4,Ward 2,20036,ANC 2B,005500 3001,005500 3,38.90670809,-77.04685798,156,RESIDENTIAL,156,25881,510,CONDO,RA-10,"74,370","173,530",,
297623,ACTIVE,ADDRESS,OFFICIAL,NW,2070 BELMONT ROAD NW,2272,Kalorama,Columbia Heights/Shaw Collaborative,4001,Precinct 25,Ward 1,20009,ANC 1C,004001 3009,004001 3,38.9194671,-77.04873686,60,RESIDENTIAL,60,39977,202,RENTAL,RA-4,"30,585,920","57,770,460",,
279921,ACTIVE,ADDRESS,OFFICIAL,NW,733 15TH STREET NW,484,Central-tri 3,Columbia Heights/Shaw Collaborative,10100,Precinct 129,Ward 2,20005,ANC 2C,010100 1027,010100 1,38.8998334,-77.033373,194,RESIDENTIAL,194,200381,1015,RENTAL,D-6,"30,585,920","57,770,460",,
218470,ACTIVE,ADDRESS,OFFICIAL,NW,1745 N STREET NW,513,Central-tri 1,Columbia Heights/Shaw Collaborative,10700,Precinct 15,Ward 2,20036,ANC 2B,010700 2002,010700 2,38.90743761,-77.04027379,68,RESIDENTIAL,68,298861,213,CONDO,MU-15,,,,
235464,ACTIVE,ADDRESS,OFFICIAL,NW,1884 COLUMBIA ROAD NW,2274,Kalorama,Columbia Heights/Shaw Collaborative,4002,Precinct 25,Ward 1,20009,ANC 1C,004002 2000,004002 2,38.91899801,-77.04425688,220,RESIDENTIAL,220,162741,109,RENTAL,RA-2,"6,972,290","26,640,190",,
294461,ACTIVE,ADDRESS,OFFICIAL,NW,4201 MASSACHUSETTS AVENUE NW,772,Cleveland Park,Columbia Heights/Shaw Collaborative,1002,Precinct 10,Ward 3,20016,ANC 3D,001002 1000,001002 1,38.93585942,-77.08195663,671,MIXED USE,671,170445,1093W,RENTAL,RA-2,"24,633,730","144,118,170",,
279152,ACTIVE,ADDRESS,OFFICIAL,NW,1421 MASSACHUSETTS AVENUE NW,2145,Old City 2,Columbia Heights/Shaw Collaborative,5201,Precinct 17,Ward 2,20005,ANC 2F,005201 1001,005201 1,38.90651208,-77.03316929,89,RESIDENTIAL,89,105613,202,RENTAL,MU-2,"6,353,200","8,365,280",,
226214,ACTIVE,ADDRESS,OFFICIAL,NW,2038 18TH STREET NW,2274,Kalorama,Columbia Heights/Shaw Collaborative,4002,Precinct 25,Ward 1,20009,ANC 1C,004002 2002,004002 2,38.91757268,-77.04190262,24,RESIDENTIAL,24,24449,T3,CONDO,RA-2,"127,020","296,390",,
307520,ACTIVE,ADDRESS,OFFICIAL,NW,825 10TH STREET NW,NA,Central-tri 3,Columbia Heights/Shaw Collaborative,5800,Precinct 129,Ward 2,20001,ANC 2C,005800 1005,005800 1,38.90016003,-77.02572557,225,RESIDENTIAL,225,230801,589,RENTAL,D-5-R,"406,040","204,390",1,
307511,ACTIVE,ADDRESS,OFFICIAL,NW,850 QUINCY STREET NW,NA,Columbia Heights,Georgia Avenue/Rock Creek East Collaborative,2502,Precinct 49,Ward 4,20011,ANC 4C,002502 2006,002502 2,38.93742728,-77.02485364,169,RESIDENTIAL,169,195636,308,RENTAL,NC-8,"3,746,150","55,084,680",,
297643,ACTIVE,ADDRESS,OFFICIAL,NW,616 E STREET NW,487,Central-tri 3,Columbia Heights/Shaw Collaborative,5800,Precinct 143,Ward 2,20004,ANC 2C,005800 2010,005800 2,38.8959494,-77.02126508,255,RESIDENTIAL,255,17255,720,CONDO,D-6-R,"131,980","307,970",,
223885,ACTIVE,ADDRESS,OFFICIAL,NW,3032 Q STREET NW,1775,Georgetown,Columbia Heights/Shaw Collaborative,100,Precinct 5,Ward 2,20007,ANC 2E,000100 3002,000100 3,38.91026223,-77.06078607,7,RESIDENTIAL,7,73156,3,RENTAL,R-20,"304,920","1,406,930",,
276018,ACTIVE,ADDRESS,OFFICIAL,NW,933 M STREET NW,2150,Old City 2,Columbia Heights/Shaw Collaborative,4902,Precinct 129,Ward 2,20001,ANC 2F,004902 2006,004902 2,38.9058293,-77.02537632,3,RESIDENTIAL,3,15947,2,CONDO,RF-1,"161,630","377,140",,
274740,ACTIVE,ADDRESS,OFFICIAL,NW,922 24TH STREET NW,792,Foggy Bottom,Columbia Heights/Shaw Collaborative,5600,Precinct 3,Ward 2,20037,ANC 2A,005600 4001,005600 4,38.90148807,-77.05165764,178,RESIDENTIAL,178,29114,204,CONDO,R-17,"101,320","236,420",,
27774,ACTIVE,ADDRESS,OFFICIAL,SE,4020 1ST STREET SE,1366,Congress Heights,Far Southeast Collaborative,9810,Precinct 124,Ward 8,20032,ANC 8D,009810 1005,009810 1,38.83057073,-77.00555026,12,RESIDENTIAL,12,100184,102,RENTAL,RA-1,"924,040","883,900",,
54310,ACTIVE,ADDRESS,OFFICIAL,SE,1909 P STREET SE,1572,Anacostia,Far Southeast Collaborative,7601,Precinct 140,Ward 8,20020,ANC 8A,007601 3003,007601 3,38.87185267,-76.97674747,0,RESIDENTIAL,1,NA,NA,NA,RA-2,"110,350","104,100",,
289461,ACTIVE,ADDRESS,OFFICIAL,SE,2201 SAVANNAH STREET SE,2389,Randle Heights,Far Southeast Collaborative,7409,Precinct 116,Ward 8,20020,ANC 8B,007409 2000,007409 2,38.84744524,-76.97215964,83,RESIDENTIAL,83,46811,207,RENTAL,MU-3A,"1,349,760","5,370,610",1,
288508,ACTIVE,ADDRESS,OFFICIAL,SE,5117 FITCH STREET SE,841,Marshall Heights,East of the River Collaborative,7707,Precinct 106,Ward 7,20019,ANC 7E,007707 1002,007707 1,38.88035861,-76.92771438,14,RESIDENTIAL,14,72130,104,RENTAL,RA-1,,,,
307260,ACTIVE,ADDRESS,OFFICIAL,SE,5009 BENNING ROAD SE,NA,Fort Dupont Park,East of the River Collaborative,7707,Precinct 106,Ward 7,20019,ANC 7E,007707 1006,007707 1,38.87838369,-76.93174311,0,RESIDENTIAL,1,NA,NA,NA,R-2,"125,510","155,640",,
38488,ACTIVE,ADDRESS,OFFICIAL,SE,3211 5TH STREET SE,1358,Congress Heights,Far Southeast Collaborative,9804,Precinct 122,Ward 8,20032,ANC 8C,009804 2001,009804 2,38.84247419,-76.99974912,0,RESIDENTIAL,1,NA,NA,NA,R-2,"131,950","261,280",,
10537,ACTIVE,ADDRESS,OFFICIAL,SE,531 11TH STREET SE,1547,Capitol Hill,South Washington/West of the River Collaborative,7000,Precinct 90,Ward 6,20003,ANC 6B,007000 2009,007000 2,38.881846,-76.99178237,0,RESIDENTIAL,1,NA,NA,NA,RF-1,"574,840","280,800",,
287324,ACTIVE,ADDRESS,OFFICIAL,SE,2912 LANGSTON PLACE SE,2417,Randle Heights,Far Southeast Collaborative,7408,Precinct 115,Ward 8,20020,ANC 8B,007408 1008,007408 1,38.85479132,-76.97358893,5,RESIDENTIAL,5,282467,301,RENTAL,RA-1,,,,
43891,ACTIVE,ADDRESS,OFFICIAL,SE,2841 NAYLOR ROAD SE,2419,Randle Heights,Far Southeast Collaborative,7502,Precinct 134,Ward 8,20020,ANC 8B,007502 2003,007502 2,38.85529044,-76.96643941,4,RESIDENTIAL,4,47369,B843,RENTAL,RA-1,"67,890","101,840",,
61234,ACTIVE,ADDRESS,OFFICIAL,SE,1530 28TH PLACE SE,2237,Hillcrest,East of the River Collaborative,7604,Precinct 111,Ward 7,20020,ANC 7B,007604 3002,007604 3,38.87111493,-76.96653787,12,RESIDENTIAL,12,138677,102,RENTAL,RA-1,"251,140","841,220",,
79579,ACTIVE,ADDRESS,OFFICIAL,SE,800 SOUTHERN AVENUE SE,1381,Congress Heights,Far Southeast Collaborative,9811,Precinct 125,Ward 8,20032,ANC 8D,009811 2000,009811 2,38.82735337,-76.99461836,361,RESIDENTIAL,361,104854,102,RENTAL,RA-1,"8,036,270","18,767,760",1,
148475,ACTIVE,ADDRESS,OFFICIAL,SE,435 17TH STREET SE,961,Old City 1,South Washington/West of the River Collaborative,6802,Precinct 91,Ward 6,20003,ANC 6B,006802 2002,006802 2,38.88356625,-76.98102908,0,RESIDENTIAL,1,NA,NA,NA,RF-1,"451,610","194,610",,
152159,ACTIVE,ADDRESS,OFFICIAL,SE,4433 E STREET SE,1725,Fort Dupont Park,East of the River Collaborative,9907,Precinct 103,Ward 7,20019,ANC 7F,009907 2003,009907 2,38.88311092,-76.93700008,4,RESIDENTIAL,4,149995,1,RENTAL,RA-1,,,,
314657,ACTIVE,ADDRESS,OFFICIAL,SE,1324 E STREET SE,NA,Old City 1,South Washington/West of the River Collaborative,6900,Precinct 91,Ward 6,20003,ANC 6B,006900 2003,006900 2,38.88331797,-76.98746982,41,RESIDENTIAL,41,283016,203,CONDO,RF-1,"116,370","271,530",,
25171,ACTIVE,ADDRESS,OFFICIAL,SE,422 15TH STREET SE,961,Old City 1,South Washington/West of the River Collaborative,6802,Precinct 91,Ward 6,20003,ANC 6B,006802 2003,006802 2,38.88349356,-76.98342675,0,RESIDENTIAL,1,NA,NA,NA,RF-1,"404,300","276,760",,
64911,ACTIVE,ADDRESS,OFFICIAL,SE,1408 YOUNG STREET SE,1573,Anacostia,Far Southeast Collaborative,7601,Precinct 133,Ward 8,20020,ANC 8A,007601 1002,007601 1,38.87374765,-76.97617642,4,RESIDENTIAL,4,137615,2,RENTAL,RA-2,"134,370","179,030",,
149655,ACTIVE,ADDRESS,OFFICIAL,SE,4400 TEXAS AVENUE SE,1732,Fort Dupont Park,East of the River Collaborative,7703,Precinct 103,Ward 7,20019,ANC 7F,007703 1005,007703 1,38.88417429,-76.94171843,10,RESIDENTIAL,10,149729,302,RENTAL,RA-1,"899,810","389,580",,
277713,ACTIVE,ADDRESS,OFFICIAL,SE,2501 N STREET SE,2235,Hillcrest,East of the River Collaborative,7709,Precinct 111,Ward 7,20019,ANC 7B,007709 1029,007709 1,38.87499925,-76.96946157,19,RESIDENTIAL,19,105138,213,RENTAL,RA-1,"1,144,570","776,550",,
155811,ACTIVE,ADDRESS,OFFICIAL,SE,2908 30TH STREET SE,2420,Randle Heights,Far Southeast Collaborative,7502,Precinct 115,Ward 8,20020,ANC 8B,007502 2009,007502 2,38.85398178,-76.96546848,9,RESIDENTIAL,9,144219,22,RENTAL,MU-3A,,,,
82115,ACTIVE,ADDRESS,OFFICIAL,SE,911 C STREET SE,1530,Capitol Hill,South Washington/West of the River Collaborative,6700,Precinct 88,Ward 6,20003,ANC 6B,006700 3011,006700 3,38.88587869,-76.99321758,0,RESIDENTIAL,1,NA,NA,NA,RF-1,"391,100","419,180",,
68502,ACTIVE,ADDRESS,OFFICIAL,SE,1310 31ST PLACE SE,174,Hillcrest,East of the River Collaborative,9901,Precinct 108,Ward 7,20020,ANC 7B,009901 1007,009901 1,38.87423109,-76.96204872,0,RESIDENTIAL,1,NA,NA,NA,R-1-B,"164,650","106,790",,
13101,ACTIVE,ADDRESS,OFFICIAL,SE,5119 D STREET SE,830,Marshall Heights,East of the River Collaborative,9905,Precinct 104,Ward 7,20019,ANC 7E,009905 3001,009905 3,38.88338914,-76.92802388,0,RESIDENTIAL,1,NA,NA,NA,R-3,"135,040","116,430",,
9771,ACTIVE,ADDRESS,OFFICIAL,SE,535 LEBAUM STREET SE,1359,Congress Heights,Far Southeast Collaborative,10400,Precinct 123,Ward 8,20032,ANC 8C,010400 2039,010400 2,38.84694975,-76.99820709,0,RESIDENTIAL,1,NA,NA,NA,R-3,"128,560","121,110",,
307119,ACTIVE,ADDRESS,OFFICIAL,SE,3822 1ST STREET SE,NA,Congress Heights,Far Southeast Collaborative,9803,Precinct 124,Ward 8,20032,ANC 8C,009803 3003,009803 3,38.83382504,-77.00559912,0,RESIDENTIAL,1,NA,NA,NA,R-3,"124,440","261,350",,
61626,ACTIVE,ADDRESS,OFFICIAL,SE,1519 17TH STREET SE,1574,Anacostia,Far Southeast Collaborative,7601,Precinct 140,Ward 8,20020,ANC 8A,007601 4001,007601 4,38.87130907,-76.98102116,4,RESIDENTIAL,4,137166,1,RENTAL,R-3,"131,950","201,980",,
150373,ACTIVE,ADDRESS,OFFICIAL,SE,2337 GREEN STREET SE,1569,Anacostia,Far Southeast Collaborative,7504,Precinct 114,Ward 8,20020,ANC 8A,007504 1004,007504 1,38.86138249,-76.98139273,14,RESIDENTIAL,14,141304,202,RENTAL,RA-1,"2,585,610","3,150,020",,
145391,ACTIVE,ADDRESS,OFFICIAL,SE,2903 R STREET SE,2237,Hillcrest,East of the River Collaborative,7604,Precinct 111,Ward 7,20020,ANC 7B,007604 3007,007604 3,38.86927535,-76.96541856,5,RESIDENTIAL,5,144182,2B,CONDO,RF-1,"34,200","79,800",,
74548,ACTIVE,ADDRESS,OFFICIAL,SE,110 D STREET SE,1549,Capitol Hill,South Washington/West of the River Collaborative,6500,Precinct 130,Ward 6,20003,ANC 6B,006500 1012,006500 1,38.88522963,-77.00518592,77,RESIDENTIAL,77,105819,208,RENTAL,RF-3,"2,714,520","15,211,250",,
148189,ACTIVE,ADDRESS,OFFICIAL,SE,223 ORANGE STREET SE,1346,Congress Heights,Far Southeast Collaborative,10400,Precinct 123,Ward 8,20032,ANC 8C,010400 2017,010400 2,38.84649799,-77.00450219,15,RESIDENTIAL,15,140929,2,RENTAL,RA-1,,,,
7291,ACTIVE,ADDRESS,OFFICIAL,SE,562 NEWCOMB STREET SE,1359,Congress Heights,Far Southeast Collaborative,10400,Precinct 123,Ward 8,20032,ANC 8C,010400 2040,010400 2,38.84550399,-76.99832934,4,RESIDENTIAL,4,151862,4,RENTAL,R-3,"126,290","293,680",,
56304,ACTIVE,ADDRESS,OFFICIAL,SE,18 52ND STREET SE,1925,Deanwood,East of the River Collaborative,9903,Precinct 104,Ward 7,20019,ANC 7E,009903 2004,009903 2,38.88903442,-76.92671397,0,RESIDENTIAL,1,NA,NA,NA,R-2,"137,840","158,820",,
150531,ACTIVE,ADDRESS,OFFICIAL,SE,2810 TEXAS AVENUE SE,2237,Hillcrest,East of the River Collaborative,7604,Precinct 111,Ward 7,20020,ANC 7B,007604 3009,007604 3,38.86783097,-76.9670614,49,RESIDENTIAL,49,225248,208,RENTAL,RA-1,"335,610","1,102,490",,
82408,ACTIVE,ADDRESS,OFFICIAL,SE,918 14TH STREET SE,2089,Old City 1,South Washington/West of the River Collaborative,7100,Precinct 91,Ward 6,20003,ANC 6B,007100 2001,007100 2,38.87950462,-76.98525103,3,RESIDENTIAL,3,239940,1,CONDO,RF-1,"233,380","544,540",,
311143,ACTIVE,ADDRESS,OFFICIAL,SE,2740 SHERIDAN ROAD SE,NA,Barry Farms,Far Southeast Collaborative,7406,Precinct 118,Ward 8,20020,ANC 8C,007406 1001,007406 1,38.85610086,-76.99306821,0,RESIDENTIAL,1,NA,NA,NA,RA-1,"249,400","1,979,780",1,8
50860,ACTIVE,ADDRESS,OFFICIAL,SE,22 53RD STREET SE,1926,Deanwood,East of the River Collaborative,9903,Precinct 105,Ward 7,20019,ANC 7E,009903 2003,009903 2,38.8888522,-76.92560601,0,RESIDENTIAL,1,NA,NA,NA,R-2,"123,170","132,000",,
76760,ACTIVE,ADDRESS,OFFICIAL,SE,711 E STREET SE,1546,Capitol Hill,South Washington/West of the River Collaborative,7000,Precinct 90,Ward 6,20003,ANC 6B,007000 2012,007000 2,38.8825358,-76.99570311,14,RESIDENTIAL,14,72261,303,RENTAL,MU-4,"1,170,000","2,696,230",,
41073,ACTIVE,ADDRESS,OFFICIAL,SE,307 17TH STREET SE,2046,Old City 1,South Washington/West of the River Collaborative,6802,Precinct 87,Ward 6,20003,ANC 6B,006802 1006,006802 1,38.88509722,-76.98102049,0,RESIDENTIAL,1,NA,NA,NA,RF-1,"359,540","209,200",,
45950,ACTIVE,ADDRESS,OFFICIAL,SE,2601 MARTIN LUTHER KING JR AVENUE SE,595,Barry Farms,Far Southeast Collaborative,7401,Precinct 119,Ward 8,20020,ANC 8C,007401 2003,007401 2,38.859316,-76.99548468,0,RESIDENTIAL,1,NA,NA,NA,RA-1,"139,650","66,540",,
55806,ACTIVE,ADDRESS,OFFICIAL,SE,1810 SAVANNAH STREET SE,2387,Randle Heights,Far Southeast Collaborative,7403,Precinct 116,Ward 8,20020,ANC 8E,007403 1005,007403 1,38.84635309,-76.97825735,12,RESIDENTIAL,12,47007,304,RENTAL,RA-1,"385,340","252,200",,
288054,ACTIVE,ADDRESS,OFFICIAL,SE,3970 PENNSYLVANIA AVENUE SE,1720,Fort Dupont Park,East of the River Collaborative,9902,Precinct 110,Ward 7,20020,ANC 7B,009902 2007,009902 2,38.86466012,-76.94823443,43,RESIDENTIAL,43,96248,110,RENTAL,R-2,"171,680","2,089,450",,
148339,ACTIVE,ADDRESS,OFFICIAL,SE,309 VIRGINIA AVENUE SE,NA,Old City 1,South Washington/West of the River Collaborative,7200,Precinct 131,Ward 6,20003,ANC 6D,007200 1006,007200 1,38.87980561,-77.00160323,0,RESIDENTIAL,1,NA,NA,NA,RA-2,"406,710","769,720",,
156492,ACTIVE,ADDRESS,OFFICIAL,SE,4245 6TH STREET SE,1383,Congress Heights,Far Southeast Collaborative,9811,Precinct 125,Ward 8,20032,ANC 8D,009811 1001,009811 1,38.8275451,-76.99872374,0,RESIDENTIAL,1,NA,NA,NA,RA-1,"102,590","141,210",,
27219,ACTIVE,ADDRESS,OFFICIAL,SE,406 SOUTH CAPITOL STREET SE,1549,Capitol Hill,South Washington/West of the River Collaborative,6500,Precinct 130,Ward 6,20003,ANC 6B,006500 2009,006500 2,38.88478224,-77.00877189,2,RESIDENTIAL,2,149090,A,RENTAL,RF-3,"452,330","626,280",,
313269,ACTIVE,ADDRESS,OFFICIAL,SE,28 K STREET SE,NA,Old City 1,South Washington/West of the River Collaborative,7200,Precinct 131,Ward 6,20003,ANC 6D,007200 1025,007200 1,38.8785714,-77.00801073,393,MIXED USE,393,265289,902,RENTAL,D-5,"27,740,590","90,329,510",,
76007,ACTIVE,ADDRESS,OFFICIAL,SE,1 ANACOSTIA ROAD SE,1738,Fort Dupont Park,East of the River Collaborative,7703,Precinct 103,Ward 7,20019,ANC 7F,007703 2001,007703 2,38.88952429,-76.95183525,0,RESIDENTIAL,1,NA,NA,NA,R-2,"155,410","203,710",,
295862,ACTIVE,ADDRESS,OFFICIAL,SE,3307 EDWARD E CORNWELL JR DRIVE SE,1353,Congress Heights,Far Southeast Collaborative,9804,Precinct 122,Ward 8,20032,ANC 8C,009804 1002,009804 1,38.84103215,-76.99642437,0,RESIDENTIAL,1,NA,NA,NA,R-2,,,,
287488,ACTIVE,ADDRESS,OFFICIAL,SE,3086 STANTON ROAD SE,2392,Randle Heights,Far Southeast Collaborative,7404,Precinct 117,Ward 8,20020,ANC 8E,007404 1000,007404 1,38.85233593,-76.98181467,14,RESIDENTIAL,14,145500,203,RENTAL,RA-1,"3,720","12,560",,
156097,ACTIVE,ADDRESS,OFFICIAL,SE,3200 E STREET SE,1737,Fort Dupont Park,East of the River Collaborative,7708,Precinct 132,Ward 7,20019,ANC 7B,007708 2007,007708 2,38.8831681,-76.96110107,19,RESIDENTIAL,19,58418,1H,RENTAL,R-3,"401,850","613,720",,
288760,ACTIVE,ADDRESS,OFFICIAL,SE,601 53RD STREET SE,841,Marshall Heights,East of the River Collaborative,7707,Precinct 106,Ward 7,20019,ANC 7E,007707 1002,007707 1,38.88030212,-76.92698075,14,RESIDENTIAL,14,116951,T3,RENTAL,RA-1,"1,014,630","1,311,170",,
74573,ACTIVE,ADDRESS,OFFICIAL,SE,1100 1ST STREET SE,NA,Old City 1,South Washington/West of the River Collaborative,7200,Precinct 131,Ward 6,20003,ANC 6D,007200 2026,007200 2,38.877199,-77.00553914,267,RESIDENTIAL,267,193213,609,RENTAL,D-5,"13,130,910","82,369,090",1,
59982,ACTIVE,ADDRESS,OFFICIAL,SE,1612 MASSACHUSETTS AVENUE SE,2045,Old City 1,South Washington/West of the River Collaborative,6801,Precinct 87,Ward 6,20003,ANC 6B,006801 2004,006801 2,38.88661929,-76.98167442,0,RESIDENTIAL,1,NA,NA,NA,RF-1,"418,780","381,530",,
34855,ACTIVE,ADDRESS,OFFICIAL,SE,3419 CARPENTER STREET SE,171,Hillcrest,East of the River Collaborative,9901,Precinct 109,Ward 7,20020,ANC 7B,009901 2028,009901 2,38.87012349,-76.95601842,0,RESIDENTIAL,1,NA,NA,NA,R-1-B,"144,180","137,060",,
56687,ACTIVE,ADDRESS,OFFICIAL,SE,1734 GALEN STREET SE,1569,Anacostia,Far Southeast Collaborative,7504,Precinct 114,Ward 8,20020,ANC 8A,007504 1004,007504 1,38.86206833,-76.98035188,0,RESIDENTIAL,1,NA,NA,NA,R-3,"128,820","135,740",,
72313,ACTIVE,ADDRESS,OFFICIAL,SE,1201 BRANCH AVENUE SE,2232,Hillcrest,East of the River Collaborative,9901,Precinct 108,Ward 7,20019,ANC 7B,009901 1003,009901 1,38.87526667,-76.96143116,0,RESIDENTIAL,1,NA,NA,NA,R-1-B,"206,900","239,530",,
81117,ACTIVE,ADDRESS,OFFICIAL,SE,831 YUMA STREET SE,1378,Congress Heights,Far Southeast Collaborative,9802,Precinct 121,Ward 8,20032,ANC 8E,009802 1000,009802 1,38.83184725,-76.9931551,0,RESIDENTIAL,1,NA,NA,NA,RF-1,"115,420","76,750",,
33393,ACTIVE,ADDRESS,OFFICIAL,SE,3528 19TH STREET SE,2383,Randle Heights,Far Southeast Collaborative,7409,Precinct 116,Ward 8,20020,ANC 8B,007409 2004,007409 2,38.84403803,-76.97606354,0,RESIDENTIAL,1,NA,NA,NA,R-2,"134,510","198,900",,
148105,ACTIVE,ADDRESS,OFFICIAL,SE,1818 23RD STREET SE,2406,Randle Heights,Far Southeast Collaborative,7605,Precinct 112,Ward 8,20020,ANC 8A,007605 2001,007605 2,38.867337,-76.97323457,6,RESIDENTIAL,6,107973,62C,RENTAL,RA-1,,,,
290355,ACTIVE,ADDRESS,OFFICIAL,SE,1229 G STREET SE,2618,Old City 1,South Washington/West of the River Collaborative,7100,Precinct 91,Ward 6,20003,ANC 6B,007100 2004,007100 2,38.88108464,-76.98887559,144,RESIDENTIAL,144,179297,520,RENTAL,RA-2,,,,
66457,ACTIVE,ADDRESS,OFFICIAL,SE,1343 29TH STREET SE,2236,Hillcrest,East of the River Collaborative,7709,Precinct 111,Ward 7,20020,ANC 7B,007709 2005,007709 2,38.87314355,-76.96662553,4,RESIDENTIAL,4,138403,3,RENTAL,RA-1,"126,580","230,050",,
34438,ACTIVE,ADDRESS,OFFICIAL,SE,3432 23RD STREET SE,2389,Randle Heights,Far Southeast Collaborative,7409,Precinct 116,Ward 8,20020,ANC 8B,007409 1002,007409 1,38.84688835,-76.9714484,0,RESIDENTIAL,1,NA,NA,NA,R-2,"133,120","118,230",,
152124,ACTIVE,ADDRESS,OFFICIAL,SE,4432 FALLS TERRACE SE,1725,Fort Dupont Park,East of the River Collaborative,9907,Precinct 103,Ward 7,20019,ANC 7F,009907 2003,009907 2,38.88283731,-76.93679137,4,RESIDENTIAL,4,149992,2,RENTAL,RA-1,,,,
150632,ACTIVE,ADDRESS,OFFICIAL,SE,316 12TH STREET SE,2039,Old City 1,South Washington/West of the River Collaborative,6900,Precinct 91,Ward 6,20003,ANC 6B,006900 1004,006900 1,38.88494321,-76.9899689,0,RESIDENTIAL,1,NA,NA,NA,RF-1,,,,
79579,ACTIVE,ADDRESS,OFFICIAL,SE,800 SOUTHERN AVENUE SE,1381,Congress Heights,Far Southeast Collaborative,9811,Precinct 125,Ward 8,20032,ANC 8D,009811 2000,009811 2,38.82735337,-76.99461836,361,RESIDENTIAL,361,107571,905,RENTAL,RA-1,"8,036,270","18,767,760",1,
35251,ACTIVE,ADDRESS,OFFICIAL,SE,3400 B STREET SE,1737,Fort Dupont Park,East of the River Collaborative,7708,Precinct 132,Ward 7,20019,ANC 7F,007708 1002,007708 1,38.8877884,-76.95721502,9,RESIDENTIAL,9,58207,203,RENTAL,RA-1,,,,
299162,ACTIVE,ADDRESS,OFFICIAL,SE,3413 22ND STREET SE,2389,Randle Heights,Far Southeast Collaborative,7409,Precinct 116,Ward 8,20020,ANC 8B,007409 2001,007409 2,38.84699223,-76.97303968,0,RESIDENTIAL,1,NA,NA,NA,RA-1,"445,410","336,630",1,
146807,ACTIVE,ADDRESS,OFFICIAL,SE,2716 31ST STREET SE,2260,Hillcrest,East of the River Collaborative,7603,Precinct 113,Ward 7,20020,ANC 7B,007603 4002,007603 4,38.85559088,-76.96206105,6,RESIDENTIAL,6,48660,B667,RENTAL,RA-1,"355,840","533,760",,
289457,ACTIVE,ADDRESS,OFFICIAL,SE,1305 CONGRESS STREET SE,2394,Randle Heights,Far Southeast Collaborative,7304,Precinct 120,Ward 8,20032,ANC 8E,007304 1008,007304 1,38.84159309,-76.9864195,11,RESIDENTIAL,11,176008,23,RENTAL,RA-1,,,,
317848,ASSIGNED,ADDRESS,OFFICIAL,SE,1305 MAPLE VIEW PLACE SE,NA,Anacostia,Far Southeast Collaborative,7503,Precinct 114,Ward 8,20020,ANC 8A,007503 2005,007503 2,38.86267481,-76.98966508,0,RESIDENTIAL,0,NA,NA,NA,R-3,"52,980",,,
299514,ACTIVE,ADDRESS,OFFICIAL,SW,905 6TH STREET SW,1002,Southwest Waterfront,South Washington/West of the River Collaborative,10200,Precinct 142,Ward 6,20024,ANC 6D,010200 2038,010200 2,38.87900795,-77.02039141,108,RESIDENTIAL,108,59869,305,RENTAL,RA-4,,,,
289193,ACTIVE,ADDRESS,OFFICIAL,SW,901 6TH STREET SW,1002,Southwest Waterfront,South Washington/West of the River Collaborative,10200,Precinct 142,Ward 6,20024,ANC 6D,010200 2038,010200 2,38.87821829,-77.02028758,162,RESIDENTIAL,162,61868,611,RENTAL,RA-4,"21,855,100","73,456,600",,
145219,ACTIVE,ADDRESS,OFFICIAL,SW,240 M STREET SW,1013,Southwest Waterfront,South Washington/West of the River Collaborative,11000,Precinct 127,Ward 6,20024,ANC 6D,011000 4000,011000 4,38.87541378,-77.01571558,128,RESIDENTIAL,128,13892,E210,CONDO,RA-4,"75,150","175,360",,
303099,ACTIVE,ADDRESS,OFFICIAL,SW,741 A DELAWARE AVENUE SW,1008,Southwest Waterfront,South Washington/West of the River Collaborative,10500,Precinct 128,Ward 6,20024,ANC 6D,010500 1003,010500 1,38.88063177,-77.01383699,0,RESIDENTIAL,1,NA,NA,NA,RF-1,"164,370","383,520",,
147168,ACTIVE,ADDRESS,OFFICIAL,SW,4363 MARTIN LUTHER KING JR AVENUE SW,386,Congress Heights,Far Southeast Collaborative,9807,Precinct 126,Ward 8,20032,ANC 8D,009807 2001,009807 2,38.82670939,-77.01290754,6,RESIDENTIAL,6,124455,229,RENTAL,RA-1,"489,620","2,420,720",1,
72281,ACTIVE,ADDRESS,OFFICIAL,SW,1200 DELAWARE AVENUE SW,1016,Southwest Waterfront,South Washington/West of the River Collaborative,6400,Precinct 127,Ward 6,20024,ANC 6D,006400 1006,006400 1,38.87593234,-77.01325802,215,RESIDENTIAL,215,36756,422,RENTAL,RA-2,"16,150,220","56,334,160",1,
52913,ACTIVE,ADDRESS,OFFICIAL,SW,201 I STREET SW,1008,Southwest Waterfront,South Washington/West of the River Collaborative,10500,Precinct 128,Ward 6,20024,ANC 6D,010500 1003,010500 1,38.87974918,-77.01411791,336,RESIDENTIAL,336,61063,132,RENTAL,RA-3,"13,479,000","38,253,270",,
306365,ACTIVE,ADDRESS,OFFICIAL,SW,3133 SCOTT DRIVE SW,NA,Bolling Air Force Base,Far Southeast Collaborative,7301,Precinct 123,Ward 8,20032,ANC 8D,007301 1066,007301 1,38.84014715,-77.01983352,0,RESIDENTIAL,1,NA,NA,NA,RA-2,,,,
145250,ACTIVE,ADDRESS,OFFICIAL,SW,300 M STREET SW,1013,Southwest Waterfront,South Washington/West of the River Collaborative,11000,Precinct 127,Ward 6,20024,ANC 6D,011000 4001,011000 4,38.87591562,-77.01648598,129,RESIDENTIAL,129,22766,N811,CONDO,RA-4,"74,700","174,290",,
69092,ACTIVE,ADDRESS,OFFICIAL,SW,129 GALVESTON PLACE SW,1340,Congress Heights,Far Southeast Collaborative,9807,Precinct 126,Ward 8,20032,ANC 8D,009807 2009,009807 2,38.82458267,-77.01123031,4,RESIDENTIAL,4,124038,2B,RENTAL,R-2,"127,010","199,770",,
297742,ACTIVE,ADDRESS,OFFICIAL,SW,1101 3RD STREET SW,1009,Southwest Waterfront,South Washington/West of the River Collaborative,10200,Precinct 128,Ward 6,20024,ANC 6D,010200 2043,010200 2,38.87710321,-77.01571929,124,RESIDENTIAL,124,123767,308,CONDO,RA-4,"87,720","204,690",,
298790,ACTIVE,ADDRESS,OFFICIAL,SW,490 M STREET SW,1012,Southwest Waterfront,South Washington/West of the River Collaborative,11000,Precinct 127,Ward 6,20024,ANC 6D,011000 3000,011000 3,38.87566483,-77.01939856,96,RESIDENTIAL,96,62095,W800,RENTAL,RA-4,,,,
307157,ACTIVE,ADDRESS,OFFICIAL,SW,1151 4TH STREET SW,NA,Southwest Waterfront,South Washington/West of the River Collaborative,10200,Precinct 142,Ward 6,20024,ANC 6D,010200 2042,010200 2,38.87740797,-77.01872888,264,RESIDENTIAL,264,240131,609,CONDO,MU-8,"74,970","240,190",,
145593,ACTIVE,ADDRESS,OFFICIAL,SW,845 3RD STREET SW,1009,Southwest Waterfront,South Washington/West of the River Collaborative,10500,Precinct 128,Ward 6,20024,ANC 6D,010500 2028,010500 2,38.87979069,-77.01569384,0,RESIDENTIAL,1,NA,NA,NA,R-3,"164,630","384,150",,
298376,ACTIVE,ADDRESS,OFFICIAL,SW,1311 DELAWARE AVENUE SW,1013,Southwest Waterfront,South Washington/West of the River Collaborative,11000,Precinct 127,Ward 6,20024,ANC 6D,011000 4002,011000 4,38.87343503,-77.01544802,195,RESIDENTIAL,195,192781,S347,RENTAL,R-3,,,,
315301,ACTIVE,ADDRESS,OFFICIAL,SW,99 BLAIR ALLEY SW,NA,Southwest Waterfront,South Washington/West of the River Collaborative,10200,Precinct 142,Ward 6,20024,ANC 6D,010200 2034,010200 2,38.88035641,-77.02639679,227,RESIDENTIAL,227,289929,956,RENTAL,MU-12,,,,
276869,ACTIVE,ADDRESS,OFFICIAL,SW,814 CAPITOL SQUARE PLACE SW,1024,Southwest Waterfront,South Washington/West of the River Collaborative,10200,Precinct 142,Ward 6,20024,ANC 6D,010200 2040,010200 2,38.88168117,-77.02335093,0,RESIDENTIAL,1,NA,NA,NA,MU-7,"452,130","531,300",,
307157,ACTIVE,ADDRESS,OFFICIAL,SW,1151 4TH STREET SW,NA,Southwest Waterfront,South Washington/West of the River Collaborative,10200,Precinct 142,Ward 6,20024,ANC 6D,010200 2042,010200 2,38.87740797,-77.01872888,264,RESIDENTIAL,264,240237,723,CONDO,MU-8,"113,950","311,930",,
307087,ACTIVE,ADDRESS,OFFICIAL,SW,1001 4TH STREET SW,NA,Southwest Waterfront,South Washington/West of the River Collaborative,10200,Precinct 142,Ward 6,20024,ANC 6D,010200 2042,010200 2,38.87837971,-77.01814656,372,MIXED USE,372,261838,1018,RENTAL,MU-8,"15,828,320","101,472,380",,
5399,ACTIVE,ADDRESS,OFFICIAL,SW,605 4TH STREET SW,1002,Southwest Waterfront,South Washington/West of the River Collaborative,10200,Precinct 142,Ward 6,20024,ANC 6D,010200 1016,010200 1,38.88196309,-77.01802312,1,RESIDENTIAL,2,125418,BASEMENT,RENTAL,R-3,"489,450","330,550",,
298822,ACTIVE,ADDRESS,OFFICIAL,SW,736 6TH STREET SW,1002,Southwest Waterfront,South Washington/West of the River Collaborative,10200,Precinct 142,Ward 6,20024,ANC 6D,010200 1018,010200 1,38.88038554,-77.01914064,6,RESIDENTIAL,6,59403,310,RENTAL,RA-2,,,,
298430,ACTIVE,ADDRESS,OFFICIAL,SW,1354 4TH STREET SW,1013,Southwest Waterfront,South Washington/West of the River Collaborative,11000,Precinct 127,Ward 6,20024,ANC 6D,011000 4002,011000 4,38.87392708,-77.01729035,0,RESIDENTIAL,1,NA,NA,NA,R-3,,,,
298376,ACTIVE,ADDRESS,OFFICIAL,SW,1311 DELAWARE AVENUE SW,1013,Southwest Waterfront,South Washington/West of the River Collaborative,11000,Precinct 127,Ward 6,20024,ANC 6D,011000 4002,011000 4,38.87343503,-77.01544802,195,RESIDENTIAL,195,210346,S430,RENTAL,R-3,,,,
147099,ACTIVE,ADDRESS,OFFICIAL,SW,128 IVANHOE STREET SW,1342,Congress Heights,Far Southeast Collaborative,10900,Precinct 126,Ward 8,20032,ANC 8D,010900 1002,010900 1,38.82123095,-77.0082878,4,RESIDENTIAL,4,124032,202,RENTAL,RA-1,"295,510","187,100",,
79541,ACTIVE,ADDRESS,OFFICIAL,SW,800 4TH STREET SW,1009,Southwest Waterfront,South Washington/West of the River Collaborative,10500,Precinct 128,Ward 6,20024,ANC 6D,010500 2028,010500 2,38.88027919,-77.01712397,395,RESIDENTIAL,395,117934,S422,CONDO,RA-3,"82,520","192,540",,
298376,ACTIVE,ADDRESS,OFFICIAL,SW,1311 DELAWARE AVENUE SW,1013,Southwest Waterfront,South Washington/West of the River Collaborative,11000,Precinct 127,Ward 6,20024,ANC 6D,011000 4002,011000 4,38.87343503,-77.01544802,195,RESIDENTIAL,195,210380,S543,RENTAL,R-3,,,,
145329,ACTIVE,ADDRESS,OFFICIAL,SW,1425 4TH STREET SW,1012,Southwest Waterfront,South Washington/West of the River Collaborative,11000,Precinct 127,Ward 6,20024,ANC 6D,011000 2000,011000 2,38.87275081,-77.0187378,143,RESIDENTIAL,143,14889,A512,CONDO,RA-4,"106,060","247,460",,
289121,ACTIVE,ADDRESS,OFFICIAL,SW,130 IRVINGTON STREET SW,1342,Congress Heights,Far Southeast Collaborative,10900,Precinct 126,Ward 8,20032,ANC 8D,010900 2004,010900 2,38.82019205,-77.00994462,8,RESIDENTIAL,8,124053,202,RENTAL,RA-1,,,,
298359,ACTIVE,ADDRESS,OFFICIAL,SW,1245 4TH STREET SW,1012,Southwest Waterfront,South Washington/West of the River Collaborative,11000,Precinct 127,Ward 6,20024,ANC 6D,011000 3001,011000 3,38.87537596,-77.01805844,96,RESIDENTIAL,96,62558,E408,RENTAL,RA-4,,,,
276598,ACTIVE,ADDRESS,OFFICIAL,SW,39 O STREET SW,2064,Old City 1,South Washington/West of the River Collaborative,6400,Precinct 127,Ward 6,20024,ANC 6D,006400 1008,006400 1,38.87312717,-77.01101219,8,RESIDENTIAL,8,124318,102,RENTAL,RF-1,"772,040","1,206,830",,
297627,ACTIVE,ADDRESS,OFFICIAL,SW,350 G STREET SW,1009,Southwest Waterfront,South Washington/West of the River Collaborative,10500,Precinct 128,Ward 6,20024,ANC 6D,010500 2028,010500 2,38.88104093,-77.0165676,151,RESIDENTIAL,151,21108,N113,CONDO,RA-3,"112,820","263,240",,
276542,ACTIVE,ADDRESS,OFFICIAL,SW,1414 1ST STREET SW,2064,Old City 1,South Washington/West of the River Collaborative,6400,Precinct 127,Ward 6,20024,ANC 6D,006400 2002,006400 2,38.87241389,-77.01189042,6,RESIDENTIAL,6,194312,32,RENTAL,RF-1,,,,
277853,ACTIVE,ADDRESS,OFFICIAL,SW,301 G STREET SW,1008,Southwest Waterfront,South Washington/West of the River Collaborative,10500,Precinct 128,Ward 6,20024,ANC 6D,010500 2027,010500 2,38.88167428,-77.01680413,288,RESIDENTIAL,288,65503,309,RENTAL,R-3,"6,587,650","35,288,990",,
145219,ACTIVE,ADDRESS,OFFICIAL,SW,240 M STREET SW,1013,Southwest Waterfront,South Washington/West of the River Collaborative,11000,Precinct 127,Ward 6,20024,ANC 6D,011000 4000,011000 4,38.87541378,-77.01571558,128,RESIDENTIAL,128,13385,E611,CONDO,RA-4,"83,560","194,970",,
277853,ACTIVE,ADDRESS,OFFICIAL,SW,301 G STREET SW,1008,Southwest Waterfront,South Washington/West of the River Collaborative,10500,Precinct 128,Ward 6,20024,ANC 6D,010500 2027,010500 2,38.88167428,-77.01680413,288,RESIDENTIAL,288,57678,603,RENTAL,RA-3,"6,587,650","35,288,990",,
149873,ACTIVE,ADDRESS,OFFICIAL,SW,125 IVANHOE STREET SW,1342,Congress Heights,Far Southeast Collaborative,10900,Precinct 126,Ward 8,20032,ANC 8D,010900 1001,010900 1,38.82097279,-77.0079217,5,RESIDENTIAL,5,123996,201,RENTAL,RA-1,"374,280","310,930",,
145651,ACTIVE,ADDRESS,OFFICIAL,SW,810 3RD STREET SW,1008,Southwest Waterfront,South Washington/West of the River Collaborative,10500,Precinct 128,Ward 6,20024,ANC 6D,010500 1003,010500 1,38.88004275,-77.0149276,0,RESIDENTIAL,1,NA,NA,NA,RF-1,"157,390","367,240",,
296435,ACTIVE,ADDRESS,OFFICIAL,SW,1584 D EGLIN WAY SW,NA,Bolling Air Force Base,Far Southeast Collaborative,7301,Precinct 123,Ward 8,20032,ANC 8D,007301 1063,007301 1,38.83186593,-77.02098801,0,RESIDENTIAL,1,NA,NA,NA,Unzoned,,,,
315150,ACTIVE,ADDRESS,OFFICIAL,SW,301 ENTERPRISE WAY SW,NA,Bolling Air Force Base,Far Southeast Collaborative,7301,Precinct 123,Ward 8,20373,ANC 8C,007301 1007,007301 1,38.85882247,-77.01194496,0,RESIDENTIAL,1,NA,NA,NA,Unzoned,,,,
297627,ACTIVE,ADDRESS,OFFICIAL,SW,350 G STREET SW,1009,Southwest Waterfront,South Washington/West of the River Collaborative,10500,Precinct 128,Ward 6,20024,ANC 6D,010500 2028,010500 2,38.88104093,-77.0165676,151,RESIDENTIAL,151,21109,N114,CONDO,RA-3,"106,560","248,640",,
277791,ACTIVE,ADDRESS,OFFICIAL,SW,222 M STREET SW,1013,Southwest Waterfront,South Washington/West of the River Collaborative,11000,Precinct 127,Ward 6,20024,ANC 6D,011000 4000,011000 4,38.87612677,-77.01470736,224,MIXED USE,224,297169,517,RENTAL,Unzoned,"2,017,000","18,896,190",,
315293,ACTIVE,ADDRESS,OFFICIAL,SW,950 MAINE AVENUE SW,NA,Southwest Waterfront,South Washington/West of the River Collaborative,10200,Precinct 142,Ward 6,20024,ANC 6D,010200 2034,010200 2,38.88050323,-77.02564195,266,RESIDENTIAL,266,286379,1025,RENTAL,MU-12,,,,
298403,ACTIVE,ADDRESS,OFFICIAL,SW,1332 HALF STREET SW,2064,Old City 1,South Washington/West of the River Collaborative,6400,Precinct 127,Ward 6,20024,ANC 6D,006400 1009,006400 1,38.87351696,-77.0101475,0,RESIDENTIAL,1,NA,NA,NA,RF-1,"145,110","338,600",,
289193,ACTIVE,ADDRESS,OFFICIAL,SW,901 6TH STREET SW,1002,Southwest Waterfront,South Washington/West of the River Collaborative,10200,Precinct 142,Ward 6,20024,ANC 6D,010200 2038,010200 2,38.87821829,-77.02028758,162,RESIDENTIAL,162,61833,412,RENTAL,RA-4,,,,
298693,ACTIVE,ADDRESS,OFFICIAL,SW,355 I STREET SW,1009,Southwest Waterfront,South Washington/West of the River Collaborative,10500,Precinct 128,Ward 6,20024,ANC 6D,010500 2028,010500 2,38.87954536,-77.01655204,151,RESIDENTIAL,151,211264,121,CONDO,RA-3,"110,910","258,800",1,
297742,ACTIVE,ADDRESS,OFFICIAL,SW,1101 3RD STREET SW,1009,Southwest Waterfront,South Washington/West of the River Collaborative,10200,Precinct 128,Ward 6,20024,ANC 6D,010200 2043,010200 2,38.87710321,-77.01571929,124,RESIDENTIAL,124,123734,106,CONDO,RA-4,"132,280","308,640",,
277791,ACTIVE,ADDRESS,OFFICIAL,SW,222 M STREET SW,1013,Southwest Waterfront,South Washington/West of the River Collaborative,11000,Precinct 127,Ward 6,20024,ANC 6D,011000 4000,011000 4,38.87612677,-77.01470736,224,MIXED USE,224,297109,421,RENTAL,Unzoned,"2,017,000","18,896,190",,
145329,ACTIVE,ADDRESS,OFFICIAL,SW,1425 4TH STREET SW,1012,Southwest Waterfront,South Washington/West of the River Collaborative,11000,Precinct 127,Ward 6,20024,ANC 6D,011000 2000,011000 2,38.87275081,-77.0187378,143,RESIDENTIAL,143,14886,A212,CONDO,RA-4,"101,440","236,710",,
145585,ACTIVE,ADDRESS,OFFICIAL,SW,761 3RD STREET SW,1009,Southwest Waterfront,South Washington/West of the River Collaborative,10500,Precinct 128,Ward 6,20024,ANC 6D,010500 2028,010500 2,38.8803437,-77.01579181,0,RESIDENTIAL,1,NA,NA,NA,R-3,"170,790","398,520",,
305150,ACTIVE,ADDRESS,OFFICIAL,SW,9 BARNACLE COURT SW,255,Bolling Air Force Base,Far Southeast Collaborative,7301,Precinct 126,Ward 8,20032,ANC 8D,007301 1097,007301 1,38.82900206,-77.01821567,0,RESIDENTIAL,1,NA,NA,NA,Unzoned,,,,
150051,ACTIVE,ADDRESS,OFFICIAL,SW,1510 1ST STREET SW,2064,Old City 1,South Washington/West of the River Collaborative,6400,Precinct 127,Ward 6,20024,ANC 6D,006400 2009,006400 2,38.87154037,-77.01170037,6,RESIDENTIAL,6,176333,12,RENTAL,RF-1,,,,
307087,ACTIVE,ADDRESS,OFFICIAL,SW,1001 4TH STREET SW,NA,Southwest Waterfront,South Washington/West of the River Collaborative,10200,Precinct 142,Ward 6,20024,ANC 6D,010200 2042,010200 2,38.87837971,-77.01814656,372,MIXED USE,372,261593,325,RENTAL,MU-8,"15,828,320","101,472,380",,
299737,ACTIVE,ADDRESS,OFFICIAL,SW,510 N STREET SW,NA,Southwest Waterfront,South Washington/West of the River Collaborative,11000,Precinct 127,Ward 6,20024,ANC 6D,011000 2000,011000 2,38.87429212,-77.01836701,89,RESIDENTIAL,89,190519,N130,RENTAL,RA-2,,,,
297573,ACTIVE,ADDRESS,OFFICIAL,SW,103 G STREET SW,1008,Southwest Waterfront,South Washington/West of the River Collaborative,10500,Precinct 128,Ward 6,20024,ANC 6D,010500 1001,010500 1,38.88163859,-77.01345178,160,RESIDENTIAL,160,57321,B614,RENTAL,RA-3,"196,560","458,630",,
53504,ACTIVE,ADDRESS,OFFICIAL,SW,194 JOLIET STREET SW,1341,Congress Heights,Far Southeast Collaborative,10900,Precinct 126,Ward 8,20032,ANC 8D,010900 2002,010900 2,38.81973129,-77.00719679,2,RESIDENTIAL,2,124635,A,RENTAL,R-3,"121,880","102,940",1,
145762,ACTIVE,ADDRESS,OFFICIAL,SW,16 DANBURY STREET SW,1339,Congress Heights,Far Southeast Collaborative,9807,Precinct 126,Ward 8,20032,ANC 8D,009807 2005,009807 2,38.82761553,-77.0094516,5,RESIDENTIAL,5,1028,2,CONDO,RA-1,"28,670","66,910",,
145219,ACTIVE,ADDRESS,OFFICIAL,SW,240 M STREET SW,1013,Southwest Waterfront,South Washington/West of the River Collaborative,11000,Precinct 127,Ward 6,20024,ANC 6D,011000 4000,011000 4,38.87541378,-77.01571558,128,RESIDENTIAL,128,12085,E512,CONDO,RA-4,"67,550","157,620",,
305052,ACTIVE,ADDRESS,OFFICIAL,SW,24 ARMOR COURT SW,255,Bolling Air Force Base,Far Southeast Collaborative,7301,Precinct 126,Ward 8,20032,ANC 8D,007301 1097,007301 1,38.82903267,-77.01889562,0,RESIDENTIAL,1,NA,NA,NA,Unzoned,"672,470",,1,
307157,ACTIVE,ADDRESS,OFFICIAL,SW,1151 4TH STREET SW,NA,Southwest Waterfront,South Washington/West of the River Collaborative,10200,Precinct 142,Ward 6,20024,ANC 6D,010200 2042,010200 2,38.87740797,-77.01872888,264,RESIDENTIAL,264,240176,601,CONDO,MU-8,"113,950","311,930",,
299747,ACTIVE,ADDRESS,OFFICIAL,SW,560 N STREET SW,1012,Southwest Waterfront,South Washington/West of the River Collaborative,11000,Precinct 127,Ward 6,20024,ANC 6D,011000 2000,011000 2,38.87442682,-77.01933092,156,RESIDENTIAL,156,191359,N409,RENTAL,RA-2,,,,
276513,ACTIVE,ADDRESS,OFFICIAL,SW,1355 1ST STREET SW,2064,Old City 1,South Washington/West of the River Collaborative,6400,Precinct 127,Ward 6,20024,ANC 6D,006400 1007,006400 1,38.87352034,-77.01237127,0,RESIDENTIAL,1,NA,NA,NA,RF-1,,,,
298446,ACTIVE,ADDRESS,OFFICIAL,SW,1374 4TH STREET SW,1013,Southwest Waterfront,South Washington/West of the River Collaborative,11000,Precinct 127,Ward 6,20024,ANC 6D,011000 4002,011000 4,38.87329703,-77.01729665,0,RESIDENTIAL,1,NA,NA,NA,R-3,,,,
79541,ACTIVE,ADDRESS,OFFICIAL,SW,800 4TH STREET SW,1009,Southwest Waterfront,South Washington/West of the River Collaborative,10500,Precinct 128,Ward 6,20024,ANC 6D,010500 2028,010500 2,38.88027919,-77.01712397,395,RESIDENTIAL,395,118555,N807,CONDO,RA-3,"93,780","218,830",,
298790,ACTIVE,ADDRESS,OFFICIAL,SW,490 M STREET SW,1012,Southwest Waterfront,South Washington/West of the River Collaborative,11000,Precinct 127,Ward 6,20024,ANC 6D,011000 3000,011000 3,38.87566483,-77.01939856,96,RESIDENTIAL,96,62082,W611,RENTAL,RA-4,,,,
30835,ACTIVE,ADDRESS,OFFICIAL,SW,38 BRANDYWINE STREET SW,1336,Congress Heights,Far Southeast Collaborative,9807,Precinct 124,Ward 8,20032,ANC 8D,009807 1014,009807 1,38.82937135,-77.01073008,0,RESIDENTIAL,1,NA,NA,NA,R-2,"123,040","117,630",,
72281,ACTIVE,ADDRESS,OFFICIAL,SW,1200 DELAWARE AVENUE SW,1016,Southwest Waterfront,South Washington/West of the River Collaborative,6400,Precinct 127,Ward 6,20024,ANC 6D,006400 1006,006400 1,38.87593234,-77.01325802,215,RESIDENTIAL,215,36053,320,RENTAL,RA-2,"16,150,220","56,334,160",1,
307172,ACTIVE,ADDRESS,OFFICIAL,SW,1150 4TH STREET SW,NA,Southwest Waterfront,South Washington/West of the River Collaborative,10200,Precinct 128,Ward 6,20024,ANC 6D,010200 2043,010200 2,38.87747337,-77.01631981,265,RESIDENTIAL,265,232886,1219,CONDO,MU-8,"72,910","242,250",,
147071,ACTIVE,ADDRESS,OFFICIAL,SW,155 JOLIET STREET SW,1342,Congress Heights,Far Southeast Collaborative,10900,Precinct 126,Ward 8,20032,ANC 8D,010900 2004,010900 2,38.81978674,-77.00781989,9,RESIDENTIAL,9,124974,302,RENTAL,RA-1,,,,